,Country,Group,Year,Ave Temperature,CO2 (MtCO2),CO2 (MtCO2) proximity mileage brackets (to top 20)
,Afghanistan,Rest,2010,15.82866667,8.4528,567.7163
,Albania,Rest,2010,13.77541667,4.5785,2149.5796
,Algeria,Rest,2010,25.21566667,114.5345,114.5345
,Andorra,Rest,2010,11.48083333,0.5166,2015.6382
,Angola,Rest,2010,22.6815,28.6788,28.6788
,Argentina,Rest,2010,15.07883333,180.502,180.502
,Armenia,Rest,2010,11.5095,4.2918,860.2019
,Australia,Top20,2010,22.07816667,394.1143,394.1143
,Austria,Rest,2010,6.649083333,70.7915,2401.2515
,Azerbaijan,Rest,2010,13.96266667,24.1675,880.0776
,Bahamas,Rest,2010,25.22916667,1.6525,1.6525
,Bahrain,Rest,2010,28.06966667,26.1372,1025.8435
,Bangladesh,Rest,2010,25.94033333,56.7127,1762.4049
,Barbados,Rest,2010,27.84466667,1.5093,1.5093
,Belarus,Rest,2010,7.03725,62.117,1152.52
,Belgium,Rest,2010,9.36175,108.3875,2438.8475
,Belize,Rest,2010,25.50233333,0.5349,0.5349
,Benin,Rest,2010,28.32558333,5.1985,5.1985
,Bhutan,Rest,2010,12.94725,0.4873,10321.1394
,Bolivia,Rest,2010,21.44641667,15.1753,419.5951
,Botswana,Rest,2010,22.73016667,3.3982,415.5536
,Brazil,Top20,2010,25.81241667,404.4198,404.4198
,Bulgaria,Rest,2010,11.76633333,45.3783,1841.4618
,Burkina Faso,Rest,2010,29.28875,1.9602,1.9602
,Burundi,Rest,2010,21.06875,0.2125,0.2125
,Cambodia,Rest,2010,27.87525,5.012,5.012
,Cameroon,Rest,2010,25.46475,9.1042,9.1042
,Canada,Top20,2010,-1.887916667,534.8359,534.8359
,Cape Verde,Rest,2010,25.83241667,0.5569,0.5569
,Central African Republic,Rest,2010,26.32983333,0.2638,0.2638
,Chad,Rest,2010,28.6965,0.5166,0.5166
,Chile,Rest,2010,9.712833333,70.5666,70.5666
,China,Top20,2010,7.548416667,8614.9599,8614.9599
,Colombia,Rest,2010,25.68766667,66.0417,66.0417
,Comoros,Rest,2010,26.78683333,0.1612,0.1612
,Congo Dem Republic,Rest,2010,24.75891667,2.1155,2.1155
,Costa Rica,Rest,2010,26.22675,7.2475,7.2475
,Croatia,Rest,2010,11.96083333,19.4784,1867.8329
,Cuba,Rest,2010,25.62733333,33.6028,33.6028
,Cyprus,Rest,2010,20.952,7.9232,304.5698
,Czech Republic,Rest,2010,7.75225,113.1254,2443.5854
,Denmark,Rest,2010,-15.08575,48.2119,1969.638
,Djibouti,Rest,2010,29.837,0.5166,440.9594
,Dominica,Rest,2010,27.48683333,0.1392,0.1392
,Dominican Republic,Rest,2010,26.45558333,21.2145,21.2145
,Ecuador,Rest,2010,22.63991667,35.6691,35.6691
,Egypt,Rest,2010,25.15191667,199.7163,936.8057
,El Salvador,Rest,2010,25.45866667,6.4612,6.4612
,Equatorial Guinea,Rest,2010,25.9025,5.2796,5.2796
,Eritrea,Rest,2010,28.05416667,0.502,440.9448
,Estonia,Rest,2010,5.043,18.8369,1109.2399
,Ethiopia,Rest,2010,23.9275,6.7771,6.7771
,Fiji,Rest,2010,25.9185,1.2201,1.2201
,Finland,Rest,2010,1.14375,62.4546,1152.8576
,France,Top20,2010,13.11541667,348.9176,2330.46
,Gabon,Rest,2010,25.221,4.7941,4.7941
,Gambia,Rest,2010,28.80291667,0.4287,0.4287
,Georgia,Rest,2010,11.10241667,5.4187,861.3288
,Germany,Top20,2010,8.009,775.0646,2330.46
,Ghana,Rest,2010,27.935,11.4979,11.4979
,Greece,Rest,2010,16.37125,88.0366,1109.0555
,Grenada,Rest,2010,28.10891667,0.2601,0.2601
,Guatemala,Rest,2010,23.68758333,11.7123,478.2875
,Guinea,Rest,2010,26.59725,2.6014,2.6014
,Guyana,Rest,2010,27.11608333,1.7184,1.7184
,Haiti,Rest,2010,27.00233333,2.2402,2.2402
,Honduras,Rest,2010,25.24566667,8.1388,8.1388
,Hungary,Rest,2010,10.34783333,48.6326,2193.6337
,Iceland,Rest,2010,2.676416667,2.0196,484.1251
,India,Top20,2010,25.05083333,1705.6922,1705.6922
,Indonesia,Top20,2010,26.537,402.2756,402.2756
,Iran,Top20,2010,20.09016667,559.2635,999.7063
,Iraq,Rest,2010,24.65033333,121.2825,1417.6354
,Ireland,Rest,2010,9.258166667,40.5171,1646.6048
,Israel,Rest,2010,22.31116667,71.0449,808.1343
,Italy,Top20,2010,13.32491667,409.0339,1848.3545
,Ivory Coast,Rest,2010,27.14658333,7.1077,7.1077
,Jamaica,Rest,2010,26.52125,7.2891,7.2891
,Japan,Top20,2010,13.21558333,1137.4973,1711.9264
,Jordan,Rest,2010,22.228,20.8366,757.926
,Kazakhstan,Rest,2010,6.71,224.4206,224.4206
,Kenya,Rest,2010,24.96125,13.0603,13.0603
,Kiribati,Rest,2010,27.53166667,0.0623,0.0623
,Kuwait,Rest,2010,27.63866667,78.3496,1374.7025
,Kyrgyzstan,Rest,2010,4.59575,6.4174,6.4174
,Laos,Rest,2010,24.93416667,1.6415,1.6415
,Latvia,Rest,2010,5.711083333,8.4051,1098.8081
,Lebanon,Rest,2010,20.26883333,20.8051,757.8945
,Lesotho,Rest,2010,14.90683333,2.2753,414.4307
,Liberia,Rest,2010,26.53275,0.7914,0.7914
,Libya,Rest,2010,24.51591667,57.8841,57.8841
,Liechtenstein,Rest,2010,4.847833333,0.055,2330.515
,Lithuania,Rest,2010,6.325833333,12.604,1103.007
,Luxembourg,Rest,2010,9.134666667,11.1886,2341.6486
,Macedonia,Rest,2010,11.741,8.7504,1804.8339
,Madagascar,Rest,2010,23.84616667,1.9566,1.9566
,Malawi,Rest,2010,22.60066667,1.1432,1.1432
,Malaysia,Rest,2010,26.80666667,201.8671,604.1427
,Mali,Rest,2010,30.12708333,0.9636,0.9636
,Malta,Rest,2010,19.66441667,2.57,760.5215
,Mauritania,Rest,2010,29.37291667,2.235,2.235
,Mauritius,Rest,2010,24.66908333,3.66,3.66
,Mexico,Top20,2010,20.85291667,466.5752,466.5752
,Moldova,Rest,2010,10.22566667,8.297,1804.3805
,Mongolia,Rest,2010,-0.318666667,14.3112,8629.2711
,Montenegro,Rest,2010,11.24441667,2.52,2147.5211
,Morocco,Rest,2010,19.435,52.9263,52.9263
,Mozambique,Rest,2010,24.60575,2.8197,2.8197
,Namibia,Rest,2010,21.39225,3.0737,415.2291
,Nepal,Rest,2010,16.114,4.7978,1710.49
,Netherlands,Rest,2010,9.264583333,171.0809,2501.5409
,New Zealand,Rest,2010,11.33575,31.2278,31.2278
,Nicaragua,Rest,2010,26.61891667,4.5804,4.5804
,Niger,Rest,2010,29.29991667,1.3747,1.3747
,Nigeria,Rest,2010,28.00425,90.7323,90.7323
,Niue,Rest,2010,26.01175,0.0037,0.0037
,North Korea,Rest,2010,7.361916667,68.5911,1780.5175
,Norway,Rest,2010,-0.2155,39.3227,1611.8312
,Oman,Rest,2010,28.45866667,46.9,1046.6063
,Pakistan,Rest,2010,22.08791667,146.3091,2411.2648
,Palau,Rest,2010,27.76775,0.2528,0.2528
,Panama,Rest,2010,27.02916667,9.5838,9.5838
,Papua New Guinea,Rest,2010,25.342,4.7595,4.7595
,Paraguay,Rest,2010,23.61541667,4.9824,409.4022
,Peru,Rest,2010,20.5845,45.9855,45.9855
,Philippines,Rest,2010,27.3565,85.4145,85.4145
,Poland,Top20,2010,7.621416667,315.3384,2330.46
,Portugal,Rest,2010,15.68425,49.8363,398.7539
,Qatar,Rest,2010,28.88958333,64.3993,1064.1056
,Romania,Rest,2010,9.851666667,78.2042,1874.2877
,Russia,Top20,2010,-4.520583333,1585.2706,1585.2706
,Rwanda,Rest,2010,20.26708333,0.5862,0.5862
,Saint Lucia,Rest,2010,28.00591667,0.403,0.403
,Samoa,Rest,2010,27.16166667,0.1869,0.1869
,Saudi Arabia,Top20,2010,27.53008333,440.4428,999.7063
,Senegal,Rest,2010,29.30233333,7.4862,7.4862
,Serbia,Rest,2010,10.9925,47.1514,2192.1525
,Seychelles,Rest,2010,27.74483333,0.4433,0.4433
,Sierra Leone,Rest,2010,27.17716667,0.7255,0.7255
,Singapore,Rest,2010,27.6035,44.28,446.5556
,Slovakia,Rest,2010,8.073,36.0184,1884.3729
,Slovenia,Rest,2010,10.194,15.8494,1864.2039
,Solomon Islands,Rest,2010,27.58625,0.1979,0.1979
,Somalia,Rest,2010,27.821,0.6119,0.6119
,South Africa,Top20,2010,18.30266667,412.1554,412.1554
,South Korea,Top20,2010,12.63975,574.4291,1711.9264
,Spain,Rest,2010,14.246,275.0458,1032.9973
,Sri Lanka,Rest,2010,27.8835,13.2647,1718.9569
,Sudan,Rest,2010,28.64766667,15.93,15.93
,Suriname,Rest,2010,27.41258333,1.722,1.722
,Swaziland,Rest,2010,19.75633333,1.0406,413.196
,Sweden,Rest,2010,1.6585,46.934,1619.4425
,Switzerland,Rest,2010,7.2265,45.357,2375.817
,Syria,Rest,2010,20.70933333,59.2134,1355.5663
,Tajikistan,Rest,2010,5.564083333,2.4429,2.4429
,Tanzania,Rest,2010,23.26766667,7.2805,7.2805
,Thailand,Rest,2010,27.38966667,237.7802,237.7802
,Togo,Rest,2010,28.05941667,2.6699,2.6699
,Tonga,Rest,2010,24.11441667,0.1172,0.1172
,Trinidad and Tobago,Rest,2010,27.54633333,24.0487,24.0487
,Tunisia,Rest,2010,21.60975,27.9696,785.9211
,Turkey,Top20,2010,14.28166667,296.6466,296.6466
,Turkmenistan,Rest,2010,17.04383333,57.4716,616.7351
,Uganda,Rest,2010,23.92233333,3.9168,3.9168
,Ukraine,Rest,2010,9.453,270.9819,1658.0315
,United Arab Emirates,Rest,2010,29.67133333,162.4701,1162.1764
,United Kingdom,Top20,2010,8.394333333,482.1055,1921.4261
,United States of America,Top20,2010,9.505583333,5389.8354,5389.8354
,Uruguay,Rest,2010,17.92008333,6.374,6.374
,Uzbekistan,Rest,2010,14.32591667,100.4858,659.7493
,Venezuela,Rest,2010,26.15025,188.0369,188.0369
,Vietnam,Rest,2010,24.83333333,155.3732,155.3732
,Yemen,Rest,2010,27.30275,24.2307,464.6735
,Zambia,Rest,2010,22.2675,2.2006,2.2006
,Zimbabwe,Rest,2010,21.98625,9.6294,421.7848
,Afghanistan,Rest,2011,15.518,12.2304,583.3395
,Albania,Rest,2011,13.44325,5.0377,2104.252
,Algeria,Rest,2011,24.14416667,118.6349,118.6349
,Andorra,Rest,2011,12.99441667,0.491,1914.7082
,Angola,Rest,2011,22.02966667,29.5741,29.5741
,Argentina,Rest,2011,15.33966667,188.4899,188.4899
,Armenia,Rest,2011,9.136,4.8788,892.3744
,Australia,Top20,2011,21.767,392.1792,392.1792
,Austria,Rest,2011,7.855583333,68.9857,2295.6926
,Azerbaijan,Rest,2011,11.80866667,28.792,916.2876
,Bahamas,Rest,2011,26.00325,1.8613,1.8613
,Bahrain,Rest,2011,27.10383333,26.2185,1056.0297
,Bangladesh,Rest,2011,25.20508333,60.6007,1855.7296
,Barbados,Rest,2011,27.39525,1.5279,1.5279
,Belarus,Rest,2011,7.5885,59.2237,1121.4855
,Belgium,Rest,2011,11.30533333,97.0861,2323.793
,Belize,Rest,2011,25.84275,0.6009,0.6009
,Benin,Rest,2011,28.06116667,5.4091,5.4091
,Bhutan,Rest,2011,12.40025,0.7328,11306.8018
,Bolivia,Rest,2011,21.55541667,16.5757,441.3325
,Botswana,Rest,2011,21.95508333,3.9902,404.1388
,Brazil,Top20,2011,25.42891667,424.7568,424.7568
,Bulgaria,Rest,2011,11.04783333,50.1407,1829.3017
,Burkina Faso,Rest,2011,29.06066667,2.2094,2.2094
,Burundi,Rest,2011,20.54591667,0.2418,0.2418
,Cambodia,Rest,2011,27.0035,5.2907,5.2907
,Cameroon,Rest,2011,24.87658333,8.3222,8.3222
,Canada,Top20,2011,-3.557083333,544.8185,544.8185
,Cape Verde,Rest,2011,25.30883333,0.6156,0.6156
,Central African Republic,Rest,2011,25.63875,0.2785,0.2785
,Chad,Rest,2011,27.78483333,0.5386,0.5386
,Chile,Rest,2011,10.03225,77.5494,77.5494
,China,Top20,2011,7.357083333,9510.9401,9510.9401
,Colombia,Rest,2011,25.24691667,71.9103,71.9103
,Comoros,Rest,2011,26.454,0.1356,0.1356
,Congo Dem Republic,Rest,2011,24.16316667,2.5672,2.5672
,Costa Rica,Rest,2011,26.11341667,7.4562,7.4562
,Croatia,Rest,2011,12.75516667,19.1811,1802.0089
,Cuba,Rest,2011,26.153,30.6894,30.6894
,Cyprus,Rest,2011,19.68191667,7.6009,323.9874
,Czech Republic,Rest,2011,9.172166667,112.3802,2339.0871
,Denmark,Rest,2011,-16.64141667,43.0955,1869.2897
,Djibouti,Rest,2011,29.84433333,0.4727,459.1748
,Dominica,Rest,2011,26.98783333,0.1282,0.1282
,Dominican Republic,Rest,2011,26.25075,21.3932,21.3932
,Ecuador,Rest,2011,22.33666667,36.8868,36.8868
,Egypt,Rest,2011,23.33141667,205.297,980.3856
,El Salvador,Rest,2011,25.54966667,6.6695,6.6695
,Equatorial Guinea,Rest,2011,25.54566667,5.2002,5.2002
,Eritrea,Rest,2011,27.58575,0.6053,459.3074
,Estonia,Rest,2011,6.865333333,17.9335,1080.1953
,Ethiopia,Rest,2011,24.07416667,7.9069,7.9069
,Fiji,Rest,2011,25.72283333,1.0882,1.0882
,Finland,Rest,2011,3.541166667,55.1325,1117.3943
,France,Top20,2011,14.47958333,320.0533,2226.7069
,Gabon,Rest,2011,24.73091667,5.6748,5.6748
,Gambia,Rest,2011,28.2825,0.447,0.447
,Georgia,Rest,2011,8.52375,6.6975,894.1931
,Germany,Top20,2011,9.819583333,749.7721,2226.7069
,Ghana,Rest,2011,27.59975,12.4487,12.4487
,Greece,Rest,2011,15.26133333,84.9363,1114.3252
,Grenada,Rest,2011,27.66208333,0.2528,0.2528
,Guatemala,Rest,2011,23.82083333,11.9016,491.489
,Guinea,Rest,2011,26.343,2.7773,2.7773
,Guyana,Rest,2011,26.68341667,1.7807,1.7807
,Haiti,Rest,2011,26.94358333,2.2902,2.2902
,Honduras,Rest,2011,25.47425,9.1861,9.1861
,Hungary,Rest,2011,10.877,46.5927,2145.807
,Iceland,Rest,2011,2.315416667,1.9396,445.8187
,India,Top20,2011,24.41558333,1795.1289,1795.1289
,Indonesia,Top20,2011,26.20225,416.7646,416.7646
,Iran,Top20,2011,18.91541667,571.1091,1029.8112
,Iraq,Rest,2011,22.59325,132.8915,1479.0892
,Ireland,Rest,2011,10.34541667,36.2679,1549.9724
,Israel,Rest,2011,20.33125,70.2828,845.3714
,Italy,Top20,2011,14.17316667,400.5127,1782.8278
,Ivory Coast,Rest,2011,26.83725,6.7577,6.7577
,Jamaica,Rest,2011,26.64058333,7.6911,7.6911
,Japan,Top20,2011,12.73775,1191.2801,1788.8833
,Jordan,Rest,2011,20.1145,21.3333,796.4219
,Kazakhstan,Rest,2011,5.69625,243.267,243.267
,Kenya,Rest,2011,24.96575,13.5514,13.5514
,Kiribati,Rest,2011,27.16066667,0.0623,0.0623
,Kuwait,Rest,2011,26.0875,82.9841,1429.1818
,Kyrgyzstan,Rest,2011,4.201583333,7.7193,7.7193
,Laos,Rest,2011,23.61066667,1.6232,1.6232
,Latvia,Rest,2011,7.24525,7.7137,1069.9755
,Lebanon,Rest,2011,18.26166667,21.2407,796.3293
,Lesotho,Rest,2011,14.02691667,2.3303,402.4789
,Liberia,Rest,2011,26.24066667,0.8904,0.8904
,Libya,Rest,2011,22.98833333,38.4117,38.4117
,Liechtenstein,Rest,2011,6.563083333,0.0476,2226.7545
,Lithuania,Rest,2011,7.635,11.8446,1074.1064
,Luxembourg,Rest,2011,11.032,11.1659,2237.8728
,Macedonia,Rest,2011,11.02383333,9.6473,1788.8083
,Madagascar,Rest,2011,23.77683333,2.3376,2.3376
,Malawi,Rest,2011,22.31325,1.1798,1.1798
,Malaysia,Rest,2011,26.44058333,204.4304,621.195
,Mali,Rest,2011,29.43666667,1.0442,1.0442
,Malta,Rest,2011,19.3135,2.57,723.136
,Mauritania,Rest,2011,28.63291667,2.3926,2.3926
,Mauritius,Rest,2011,24.52233333,3.64,3.64
,Mexico,Top20,2011,21.59933333,479.5874,479.5874
,Moldova,Rest,2011,9.8705,8.2983,1787.4593
,Mongolia,Rest,2011,-0.092,15.8025,9526.7426
,Montenegro,Rest,2011,11.23466667,2.54,2101.7543
,Morocco,Rest,2011,18.87883333,57.2363,57.2363
,Mozambique,Rest,2011,24.30216667,3.3073,3.3073
,Namibia,Rest,2011,20.35041667,3.3242,403.4728
,Nepal,Rest,2011,15.28066667,5.4479,1800.5768
,Netherlands,Rest,2011,11.076,159.3036,2386.0105
,New Zealand,Rest,2011,11.16325,30.5755,30.5755
,Nicaragua,Rest,2011,26.614,4.8181,4.8181
,Niger,Rest,2011,28.48741667,1.4166,1.4166
,Nigeria,Rest,2011,27.62225,97.783,97.783
,Niue,Rest,2011,25.98241667,0.0073,0.0073
,North Korea,Rest,2011,7.373666667,49.23,1838.1133
,Norway,Rest,2011,2.118916667,38.086,1544.2269
,Oman,Rest,2011,28.15066667,52.8827,1082.6939
,Pakistan,Rest,2011,21.76825,147.0708,2513.3088
,Palau,Rest,2011,27.55341667,0.2528,0.2528
,Panama,Rest,2011,26.70925,10.3794,10.3794
,Papua New Guinea,Rest,2011,24.82983333,5.3275,5.3275
,Paraguay,Rest,2011,23.9915,5.1924,429.9492
,Peru,Rest,2011,20.28408333,48.7838,48.7838
,Philippines,Rest,2011,26.78591667,86.3476,86.3476
,Poland,Top20,2011,8.951666667,312.4897,2226.7069
,Portugal,Rest,2011,16.06641667,49.5645,369.6178
,Qatar,Rest,2011,28.1615,66.2957,1096.1069
,Romania,Rest,2011,9.569,84.542,1863.703
,Russia,Top20,2011,-3.401583333,1664.3526,1664.3526
,Rwanda,Rest,2011,19.77375,0.6595,0.6595
,Saint Lucia,Rest,2011,27.54016667,0.4067,0.4067
,Samoa,Rest,2011,26.71558333,0.2015,0.2015
,Saudi Arabia,Top20,2011,26.63525,458.7021,1029.8112
,Senegal,Rest,2011,28.77491667,8.1203,8.1203
,Serbia,Rest,2011,10.823,51.3031,2150.5174
,Seychelles,Rest,2011,27.73166667,0.3408,0.3408
,Sierra Leone,Rest,2011,26.92625,0.8977,0.8977
,Singapore,Rest,2011,27.28216667,46.74,463.5046
,Slovakia,Rest,2011,8.846,34.4714,1817.2992
,Slovenia,Rest,2011,11.20808333,15.7378,1798.5656
,Solomon Islands,Rest,2011,27.23575,0.1979,0.1979
,Somalia,Rest,2011,27.92441667,0.6046,0.6046
,South Africa,Top20,2011,17.55241667,400.1486,400.1486
,South Korea,Top20,2011,12.3635,597.6032,1788.8833
,Spain,Rest,2011,15.32108333,275.8506,996.4166
,Sri Lanka,Rest,2011,27.66916667,15.6593,1810.7882
,Sudan,Rest,2011,27.80758333,15.5149,15.5149
,Suriname,Rest,2011,27.0605,1.8266,1.8266
,Swaziland,Rest,2011,19.359,1.0479,401.1965
,Sweden,Rest,2011,4.51875,43.4496,1549.5905
,Switzerland,Rest,2011,8.847333333,41.379,2268.0859
,Syria,Rest,2011,18.607,54.8792,1401.0769
,Tajikistan,Rest,2011,5.351583333,2.5702,2.5702
,Tanzania,Rest,2011,23.06941667,9.0418,9.0418
,Thailand,Rest,2011,26.25166667,236.872,236.872
,Togo,Rest,2011,27.772,2.4689,2.4689
,Tonga,Rest,2011,24.23666667,0.1026,0.1026
,Trinidad and Tobago,Rest,2011,27.01766667,23.9633,23.9633
,Tunisia,Rest,2011,20.99491667,26.1914,746.7574
,Turkey,Top20,2011,11.9145,316.3865,316.3865
,Turkmenistan,Rest,2011,15.78616667,63.6263,634.7354
,Uganda,Rest,2011,23.72675,4.2612,4.2612
,Ukraine,Rest,2011,8.790833333,284.6995,1663.3478
,United Arab Emirates,Rest,2011,29.20541667,169.9148,1199.726
,United Kingdom,Top20,2011,9.907916667,443.8791,1826.1942
,United States of America,Top20,2011,9.549916667,5256.9907,5256.9907
,Uruguay,Rest,2011,17.82458333,7.7036,7.7036
,Uzbekistan,Rest,2011,13.14108333,109.0879,680.197
,Venezuela,Rest,2011,25.67733333,172.4528,172.4528
,Vietnam,Rest,2011,23.69258333,155.6119,155.6119
,Yemen,Rest,2011,27.28825,20.2397,478.9418
,Zambia,Rest,2011,21.77158333,2.5919,2.5919
,Zimbabwe,Rest,2011,21.60241667,11.5683,411.7169
,Afghanistan,Rest,2012,14.48158333,10.7465,590.1546
,Albania,Rest,2012,13.76825,4.5755,2106.3869
,Algeria,Rest,2012,23.95483333,126.5932,126.5932
,Andorra,Rest,2012,12.33991667,0.4873,1931.2422
,Angola,Rest,2012,22.12333333,29.9531,29.9531
,Argentina,Rest,2012,15.689,192.6244,192.6244
,Armenia,Rest,2012,10.35075,5.6598,919.5707
,Australia,Top20,2012,22.0245,391.8179,391.8179
,Austria,Rest,2012,7.611333333,66.1204,2301.4245
,Azerbaijan,Rest,2012,13.08675,31.0718,944.9827
,Bahamas,Rest,2012,25.81641667,1.9676,1.9676
,Bahrain,Rest,2012,27.52933333,26.7642,1096.0873
,Bangladesh,Rest,2012,25.53358333,64.8991,1992.1159
,Barbados,Rest,2012,27.34666667,1.5053,1.5053
,Belarus,Rest,2012,6.835166667,60.2239,1127.3015
,Belgium,Rest,2012,10.35183333,95.1091,2330.4132
,Belize,Rest,2012,25.73441667,0.4763,0.4763
,Benin,Rest,2012,27.75183333,5.5925,5.5925
,Bhutan,Rest,2012,12.27975,0.8171,11650.2557
,Bolivia,Rest,2012,21.60716667,18.5197,477.9845
,Botswana,Rest,2012,22.40008333,5.0732,418.523
,Brazil,Top20,2012,25.71708333,459.4648,459.4648
,Bulgaria,Rest,2012,12.02758333,45.1938,1826.431
,Burkina Faso,Rest,2012,28.63,2.6271,2.6271
,Burundi,Rest,2012,20.75425,0.2821,0.2821
,Cambodia,Rest,2012,27.80625,5.5473,5.5473
,Cameroon,Rest,2012,24.877,7.6151,7.6151
,Canada,Top20,2012,-3.176833333,546.7476,546.7476
,Cape Verde,Rest,2012,25.1035,0.5056,0.5056
,Central African Republic,Rest,2012,25.6395,0.2931,0.2931
,Chad,Rest,2012,27.70116667,0.6119,0.6119
,Chile,Rest,2012,10.27258333,79.6817,79.6817
,China,Top20,2012,7.077083333,9722.2218,9722.2218
,Colombia,Rest,2012,25.38133333,71.913,71.913
,Comoros,Rest,2012,26.38325,0.1429,0.1429
,Congo Dem Republic,Rest,2012,24.20633333,2.4752,2.4752
,Costa Rica,Rest,2012,26.282,7.5362,7.5362
,Croatia,Rest,2012,12.9735,17.4836,1784.7922
,Cuba,Rest,2012,26.059,31.4834,31.4834
,Cyprus,Rest,2012,20.012,7.023,341.5258
,Czech Republic,Rest,2012,8.927583333,107.3811,2342.6852
,Denmark,Rest,2012,-16.26091667,37.8918,1893.5391
,Djibouti,Rest,2012,29.92358333,0.5166,490.4316
,Dominica,Rest,2012,27.11233333,0.1356,0.1356
,Dominican Republic,Rest,2012,26.34008333,21.9992,21.9992
,Ecuador,Rest,2012,22.44591667,38.1755,38.1755
,Egypt,Rest,2012,23.77091667,217.5068,1041.9246
,El Salvador,Rest,2012,25.56033333,6.7088,6.7088
,Equatorial Guinea,Rest,2012,25.53683333,5.4491,5.4491
,Eritrea,Rest,2012,27.88008333,0.6782,490.5932
,Estonia,Rest,2012,5.486,16.6818,1083.7594
,Ethiopia,Rest,2012,23.97616667,9.0141,9.0141
,Fiji,Rest,2012,25.47825,1.0589,1.0589
,Finland,Rest,2012,1.90725,49.4049,1116.4825
,France,Top20,2012,13.70716667,320.5742,2235.3041
,Gabon,Rest,2012,24.83166667,5.8948,5.8948
,Gambia,Rest,2012,28.30166667,0.4507,0.4507
,Georgia,Rest,2012,9.787333333,7.3794,921.2903
,Germany,Top20,2012,9.227166667,762.5284,2235.3041
,Ghana,Rest,2012,27.2795,14.5384,14.5384
,Greece,Rest,2012,16.0395,79.5352,1098.244
,Grenada,Rest,2012,27.63641667,0.2711,0.2711
,Guatemala,Rest,2012,23.84816667,12.0263,490.5416
,Guinea,Rest,2012,26.06316667,2.5795,2.5795
,Guyana,Rest,2012,26.80016667,1.9932,1.9932
,Haiti,Rest,2012,27.04508333,2.2302,2.2302
,Honduras,Rest,2012,25.26058333,9.211,9.211
,Hungary,Rest,2012,11.29366667,43.1107,2144.9221
,Iceland,Rest,2012,2.463416667,1.86,469.8555
,India,Top20,2012,24.64083333,1927.2168,1927.2168
,Indonesia,Top20,2012,26.32208333,429.9714,429.9714
,Iran,Top20,2012,18.95966667,579.4081,1069.3231
,Iraq,Rest,2012,23.42891667,153.081,1556.9069
,Ireland,Rest,2012,10.03583333,36.2872,1587.3853
,Israel,Rest,2012,21.00608333,76.7296,901.1474
,Italy,Top20,2012,14.079,379.6568,1767.3086
,Ivory Coast,Rest,2012,26.55241667,8.8253,8.8253
,Jamaica,Rest,2012,26.88508333,7.2474,7.2474
,Japan,Top20,2012,12.56566667,1236.0848,1834.7055
,Jordan,Rest,2012,20.82025,24.8025,849.2203
,Kazakhstan,Rest,2012,6.075416667,242.2674,242.2674
,Kenya,Rest,2012,24.92541667,12.662,12.662
,Kiribati,Rest,2012,27.3385,0.0623,0.0623
,Kuwait,Rest,2012,26.67558333,87.6521,1491.478
,Kyrgyzstan,Rest,2012,3.576916667,10.1892,10.1892
,Laos,Rest,2012,24.90766667,1.6928,1.6928
,Latvia,Rest,2012,6.043333333,7.4407,1074.5183
,Lebanon,Rest,2012,18.98908333,23.6454,848.0632
,Lesotho,Rest,2012,14.3865,2.3999,415.8497
,Liberia,Rest,2012,25.99558333,1.0259,1.0259
,Libya,Rest,2012,23.27066667,52.3932,52.3932
,Liechtenstein,Rest,2012,5.876083333,0.0476,2235.3517
,Lithuania,Rest,2012,6.723583333,11.8656,1078.9432
,Luxembourg,Rest,2012,10.10925,10.9062,2246.2103
,Macedonia,Rest,2012,11.53791667,9.1508,1790.388
,Madagascar,Rest,2012,23.32533333,2.704,2.704
,Malawi,Rest,2012,21.88741667,1.0955,1.0955
,Malaysia,Rest,2012,26.62275,206.1842,636.1556
,Mali,Rest,2012,28.60183333,0.9929,0.9929
,Malta,Rest,2012,19.82916667,2.7,702.931
,Mauritania,Rest,2012,28.02683333,2.6527,2.6527
,Mauritius,Rest,2012,24.374,3.73,3.73
,Mexico,Top20,2012,21.65241667,478.5153,478.5153
,Moldova,Rest,2012,10.58758333,8.2272,1789.4644
,Mongolia,Rest,2012,-0.59625,17.3622,9739.584
,Montenegro,Rest,2012,11.53183333,2.34,2104.1514
,Morocco,Rest,2012,18.66875,59.8584,59.8584
,Mozambique,Rest,2012,24.00958333,3.2099,3.2099
,Namibia,Rest,2012,20.795,3.4892,416.939
,Nepal,Rest,2012,15.41983333,6.3257,1933.5425
,Netherlands,Rest,2012,10.43816667,157.1206,2392.4247
,New Zealand,Rest,2012,10.65691667,31.9967,31.9967
,Nicaragua,Rest,2012,26.53191667,4.7378,4.7378
,Niger,Rest,2012,28.07275,1.9066,1.9066
,Nigeria,Rest,2012,27.40791667,95.2691,95.2691
,Niue,Rest,2012,25.80558333,0.0073,0.0073
,North Korea,Rest,2012,7.113916667,50.239,1884.9445
,Norway,Rest,2012,1.141666667,37.5063,1572.5794
,Oman,Rest,2012,28.21158333,59.1705,1128.4936
,Pakistan,Rest,2012,21.198,149.3432,2655.9681
,Palau,Rest,2012,27.72125,0.2528,0.2528
,Panama,Rest,2012,27.0825,10.9105,10.9105
,Papua New Guinea,Rest,2012,24.84358333,5.0746,5.0746
,Paraguay,Rest,2012,24.46575,5.4394,464.9042
,Peru,Rest,2012,20.46,49.3626,49.3626
,Philippines,Rest,2012,27.14891667,90.2478,90.2478
,Poland,Top20,2012,8.53775,304.5492,2235.3041
,Portugal,Rest,2012,15.39216667,47.6972,368.2714
,Qatar,Rest,2012,28.4845,74.9483,1144.2714
,Romania,Rest,2012,10.30108333,82.7064,1863.9436
,Russia,Top20,2012,-3.90175,1614.2245,1614.2245
,Rwanda,Rest,2012,19.95941667,0.7365,0.7365
,Saint Lucia,Rest,2012,27.57891667,0.4067,0.4067
,Samoa,Rest,2012,26.92666667,0.1979,0.1979
,Saudi Arabia,Top20,2012,26.98891667,489.915,1069.3231
,Senegal,Rest,2012,28.63558333,8.0076,8.0076
,Serbia,Rest,2012,11.45175,45.8098,2147.6212
,Seychelles,Rest,2012,27.77258333,0.4397,0.4397
,Sierra Leone,Rest,2012,26.67641667,1.0296,1.0296
,Singapore,Rest,2012,27.30358333,45.96,475.9314
,Slovakia,Rest,2012,8.873166667,32.717,1800.0256
,Slovenia,Rest,2012,11.27825,15.3463,1782.6549
,Solomon Islands,Rest,2012,27.18,0.1979,0.1979
,Somalia,Rest,2012,27.9385,0.6082,0.6082
,South Africa,Top20,2012,17.84691667,413.4498,413.4498
,South Korea,Top20,2012,12.39166667,598.6207,1834.7055
,Spain,Rest,2012,14.58,268.3836,968.6146
,Sri Lanka,Rest,2012,27.94983333,17.0603,1944.2771
,Sudan,Rest,2012,27.8685,13.65,13.65
,Suriname,Rest,2012,27.18941667,2.0686,2.0686
,Swaziland,Rest,2012,19.57175,1.2091,414.6589
,Sweden,Rest,2012,2.972833333,40.4062,1575.4793
,Switzerland,Rest,2012,8.15925,42.7807,2278.0848
,Syria,Rest,2012,19.35758333,41.5139,1445.3398
,Tajikistan,Rest,2012,4.337583333,2.9646,2.9646
,Tanzania,Rest,2012,23.06866667,11.2161,11.2161
,Thailand,Rest,2012,27.289,254.7848,254.7848
,Togo,Rest,2012,27.41991667,2.4188,2.4188
,Tonga,Rest,2012,23.84166667,0.1063,0.1063
,Trinidad and Tobago,Rest,2012,27.02775,23.5696,23.5696
,Tunisia,Rest,2012,21.47916667,27.3526,727.5836
,Turkey,Top20,2012,12.85441667,334.5028,334.5028
,Turkmenistan,Rest,2012,15.85583333,66.5728,645.9809
,Uganda,Rest,2012,23.80566667,4.067,4.067
,Ukraine,Rest,2012,9.290666667,278.7361,1680.3165
,United Arab Emirates,Rest,2012,29.42583333,179.4324,1248.7555
,United Kingdom,Top20,2012,9.037416667,467.9955,1855.6473
,United States of America,Top20,2012,10.26108333,5080.5159,5080.5159
,Uruguay,Rest,2012,18.509,8.616,8.616
,Uzbekistan,Rest,2012,13.14416667,110.9892,690.3973
,Venezuela,Rest,2012,25.68858333,192.3764,192.3764
,Vietnam,Rest,2012,24.70433333,153.5594,153.5594
,Yemen,Rest,2012,27.445,19.3958,509.3108
,Zambia,Rest,2012,21.69775,3.5078,3.5078
,Zimbabwe,Rest,2012,21.52133333,12.1765,425.6263
,Afghanistan,Rest,2013,,10.0064,609.8266
,Albania,Rest,2013,,4.7868,2079.7065
,Algeria,Rest,2013,,129.8823,129.8823
,Andorra,Rest,2013,,0.4763,1912.327
,Angola,Rest,2013,,31.8233,31.8233
,Argentina,Rest,2013,,188.6841,188.6841
,Armenia,Rest,2013,,5.4562,924.8281
,Australia,Top20,2013,,387.8514,387.8514
,Austria,Rest,2013,,66.4137,2277.6349
,Azerbaijan,Rest,2013,,31.7967,951.1686
,Bahamas,Rest,2013,,2.7993,2.7993
,Bahrain,Rest,2013,,28.9542,1127.8367
,Bangladesh,Rest,2013,,67.9612,2061.4781
,Barbados,Rest,2013,,1.48,1.48
,Belarus,Rest,2013,,60.7608,1141.0697
,Belgium,Rest,2013,,96.4484,2307.6696
,Belize,Rest,2013,,0.513,0.513
,Benin,Rest,2013,,5.9372,5.9372
,Bhutan,Rest,2013,,0.9197,12175.6775
,Bolivia,Rest,2013,,18.8939,507.5013
,Botswana,Rest,2013,,5.4232,434.8071
,Brazil,Top20,2013,,488.6074,488.6074
,Bulgaria,Rest,2013,,40.2413,1789.0542
,Burkina Faso,Rest,2013,,3.0558,3.0558
,Burundi,Rest,2013,,0.2895,0.2895
,Cambodia,Rest,2013,,5.7076,5.7076
,Cameroon,Rest,2013,,8.0232,8.0232
,Canada,Top20,2013,,558.8473,558.8473
,Cape Verde,Rest,2013,,0.4983,0.4983
,Central African Republic,Rest,2013,,0.2968,0.2968
,Chad,Rest,2013,,0.6998,0.6998
,Chile,Rest,2013,,84.5523,84.5523
,China,Top20,2013,,10181.2409,10181.2409
,Colombia,Rest,2013,,77.8983,77.8983
,Comoros,Rest,2013,,0.1759,0.1759
,Congo Dem Republic,Rest,2013,,3.7035,3.7035
,Costa Rica,Rest,2013,,7.8591,7.8591
,Croatia,Rest,2013,,17.0615,1772.4295
,Cuba,Rest,2013,,30.3028,30.3028
,Cyprus,Rest,2013,,6.045,325.5967
,Czech Republic,Rest,2013,,102.7712,2313.9924
,Denmark,Rest,2013,,39.7512,1902.0201
,Djibouti,Rest,2013,,0.6082,499.6705
,Dominica,Rest,2013,,0.1319,0.1319
,Dominican Republic,Rest,2013,,21.8041,21.8041
,Ecuador,Rest,2013,,40.3421,40.3421
,Egypt,Rest,2013,,200.7852,1019.3992
,El Salvador,Rest,2013,,6.3272,6.3272
,Equatorial Guinea,Rest,2013,,5.1008,5.1008
,Eritrea,Rest,2013,,0.6782,499.7405
,Estonia,Rest,2013,,19.0872,1099.3961
,Ethiopia,Rest,2013,,10.9915,10.9915
,Fiji,Rest,2013,,1.1505,1.1505
,Finland,Rest,2013,,50.0085,1130.3174
,France,Top20,2013,,326.1068,2211.2212
,Gabon,Rest,2013,,5.8267,5.8267
,Gambia,Rest,2013,,0.4287,0.4287
,Georgia,Rest,2013,,7.4961,926.868
,Germany,Top20,2013,,780.9384,2211.2212
,Ghana,Rest,2013,,15.309,15.309
,Greece,Rest,2013,,71.8762,1039.7507
,Grenada,Rest,2013,,0.3041,0.3041
,Guatemala,Rest,2013,,13.7003,481.8468
,Guinea,Rest,2013,,2.2973,2.2973
,Guyana,Rest,2013,,1.9346,1.9346
,Haiti,Rest,2013,,2.3202,2.3202
,Honduras,Rest,2013,,9.2964,9.2964
,Hungary,Rest,2013,,41.5876,2116.5073
,Iceland,Rest,2013,,2.03,457.8832
,India,Top20,2013,,1993.5169,1993.5169
,Indonesia,Top20,2013,,440.5814,440.5814
,Iran,Top20,2013,,599.8202,1098.8825
,Iraq,Rest,2013,,163.7982,1582.2324
,Ireland,Rest,2013,,35.4066,1598.305
,Israel,Rest,2013,,70.9014,889.5154
,Italy,Top20,2013,,348.9523,1755.368
,Ivory Coast,Rest,2013,,9.7868,9.7868
,Jamaica,Rest,2013,,7.7304,7.7304
,Japan,Top20,2013,,1258.4833,1854.2301
,Jordan,Rest,2013,,24.5521,843.1661
,Kazakhstan,Rest,2013,,256.9225,256.9225
,Kenya,Rest,2013,,14.2208,14.2208
,Kiribati,Rest,2013,,0.0623,0.0623
,Kuwait,Rest,2013,,85.9779,1504.4121
,Kyrgyzstan,Rest,2013,,9.7154,9.7154
,Laos,Rest,2013,,1.5755,1.5755
,Latvia,Rest,2013,,7.4083,1087.7172
,Lebanon,Rest,2013,,23.5456,842.1596
,Lesotho,Rest,2013,,2.4329,431.8168
,Liberia,Rest,2013,,0.9563,0.9563
,Libya,Rest,2013,,55.0949,55.0949
,Liechtenstein,Rest,2013,,0.0513,2211.2725
,Lithuania,Rest,2013,,11.2649,1091.5738
,Luxembourg,Rest,2013,,10.2573,2221.4785
,Macedonia,Rest,2013,,8.2511,1757.064
,Madagascar,Rest,2013,,3.1144,3.1144
,Malawi,Rest,2013,,1.2201,1.2201
,Malaysia,Rest,2013,,222.0292,662.6106
,Mali,Rest,2013,,1.0259,1.0259
,Malta,Rest,2013,,2.37,677.4291
,Mauritania,Rest,2013,,2.6674,2.6674
,Mauritius,Rest,2013,,3.83,3.83
,Mexico,Top20,2013,,468.1465,468.1465
,Moldova,Rest,2013,,7.2716,1756.0845
,Mongolia,Rest,2013,,18.7882,10200.0291
,Montenegro,Rest,2013,,2.27,2077.1897
,Morocco,Rest,2013,,58.8752,58.8752
,Mozambique,Rest,2013,,3.5985,3.5985
,Namibia,Rest,2013,,3.7698,433.1537
,Nepal,Rest,2013,,6.3512,1999.8681
,Netherlands,Rest,2013,,156.7713,2367.9925
,New Zealand,Rest,2013,,31.6483,31.6483
,Nicaragua,Rest,2013,,4.5824,4.5824
,Niger,Rest,2013,,1.7947,1.7947
,Nigeria,Rest,2013,,93.8229,93.8229
,Niue,Rest,2013,,0.0073,0.0073
,North Korea,Rest,2013,,36.7994,1891.0295
,Norway,Rest,2013,,36.4935,1572.6556
,Oman,Rest,2013,,61.3883,1160.2708
,Pakistan,Rest,2013,,150.7515,2744.0886
,Palau,Rest,2013,,0.2565,0.2565
,Panama,Rest,2013,,11.0498,11.0498
,Papua New Guinea,Rest,2013,,6.1775,6.1775
,Paraguay,Rest,2013,,5.41,494.0174
,Peru,Rest,2013,,50.3057,50.3057
,Philippines,Rest,2013,,100.107,100.107
,Poland,Top20,2013,,299.3705,2211.2212
,Portugal,Rest,2013,,46.2215,372.3283
,Qatar,Rest,2013,,76.8724,1175.7549
,Romania,Rest,2013,,72.7116,1821.5245
,Russia,Top20,2013,,1596.0606,1596.0606
,Rwanda,Rest,2013,,0.7988,0.7988
,Saint Lucia,Rest,2013,,0.4067,0.4067
,Samoa,Rest,2013,,0.1979,0.1979
,Saudi Arabia,Top20,2013,,499.0623,1098.8825
,Senegal,Rest,2013,,8.5868,8.5868
,Serbia,Rest,2013,,46.5136,2121.4333
,Seychelles,Rest,2013,,0.403,0.403
,Sierra Leone,Rest,2013,,1.1908,1.1908
,Singapore,Rest,2013,,46.24,486.8214
,Slovakia,Rest,2013,,33.3573,1788.7253
,Slovenia,Rest,2013,,14.7879,1770.1559
,Solomon Islands,Rest,2013,,0.2015,0.2015
,Somalia,Rest,2013,,0.6082,0.6082
,South Africa,Top20,2013,,429.3839,429.3839
,South Korea,Top20,2013,,595.7468,1854.2301
,Spain,Rest,2013,,241.9344,916.9935
,Sri Lanka,Rest,2013,,14.7,2008.2169
,Sudan,Rest,2013,,13.53,13.53
,Suriname,Rest,2013,,2.036,2.036
,Swaziland,Rest,2013,,1.0882,430.4721
,Sweden,Rest,2013,,38.9351,1575.0972
,Switzerland,Rest,2013,,43.8144,2255.0356
,Syria,Rest,2013,,32.4603,1450.8945
,Tajikistan,Rest,2013,,3.7205,3.7205
,Tanzania,Rest,2013,,11.4488,11.4488
,Thailand,Rest,2013,,265.4251,265.4251
,Togo,Rest,2013,,2.564,2.564
,Tonga,Rest,2013,,0.1136,0.1136
,Trinidad and Tobago,Rest,2013,,24.4435,24.4435
,Tunisia,Rest,2013,,27.5551,702.6142
,Turkey,Top20,2013,,319.5517,319.5517
,Turkmenistan,Rest,2013,,68.0673,667.8875
,Uganda,Rest,2013,,4.8695,4.8695
,Ukraine,Rest,2013,,269.9334,1669.794
,United Arab Emirates,Rest,2013,,183.1527,1282.0352
,United Kingdom,Top20,2013,,455.8532,1862.2689
,United States of America,Top20,2013,,5156.3513,5156.3513
,Uruguay,Rest,2013,,7.535,7.535
,Uzbekistan,Rest,2013,,99.7745,699.5947
,Venezuela,Rest,2013,,186.4912,186.4912
,Vietnam,Rest,2013,,159.8286,159.8286
,Yemen,Rest,2013,,26.0722,525.1345
,Zambia,Rest,2013,,3.7513,3.7513
,Zimbabwe,Rest,2013,,12.3536,441.7375
,Afghanistan,Rest,2014,,9.8012,627.2267
,Albania,Rest,2014,,5.2155,1999.851
,Algeria,Rest,2014,,140.6704,140.6704
,Andorra,Rest,2014,,0.4617,1779.9977
,Angola,Rest,2014,,33.2924,33.2924
,Argentina,Rest,2014,,199.7888,199.7888
,Armenia,Rest,2014,,5.4325,965.5143
,Australia,Top20,2014,,378.8118,378.8118
,Austria,Rest,2014,,62.9711,2129.2225
,Azerbaijan,Rest,2014,,33.149,993.2308
,Bahamas,Rest,2014,,2.4109,2.4109
,Bahrain,Rest,2014,,30.4375,1182.9845
,Bangladesh,Rest,2014,,70.7412,2228.9219
,Barbados,Rest,2014,,1.2859,1.2859
,Belarus,Rest,2014,,60.2293,1087.6851
,Belgium,Rest,2014,,90.4011,2156.6525
,Belize,Rest,2014,,0.4946,0.4946
,Benin,Rest,2014,,6.4362,6.4362
,Bhutan,Rest,2014,,1.0039,12487.9182
,Bolivia,Rest,2014,,20.427,534.909
,Botswana,Rest,2014,,7.0632,450.5589
,Brazil,Top20,2014,,514.482,514.482
,Bulgaria,Rest,2014,,43.0533,1743.5376
,Burkina Faso,Rest,2014,,2.8469,2.8469
,Burundi,Rest,2014,,0.4397,0.4397
,Cambodia,Rest,2014,,6.7962,6.7962
,Cameroon,Rest,2014,,7.9468,7.9468
,Canada,Top20,2014,,564.3864,564.3864
,Cape Verde,Rest,2014,,0.491,0.491
,Central African Republic,Rest,2014,,0.3004,0.3004
,Chad,Rest,2014,,0.7291,0.7291
,Chile,Rest,2014,,78.3471,78.3471
,China,Top20,2014,,10328.7336,10328.7336
,Colombia,Rest,2014,,79.9831,79.9831
,Comoros,Rest,2014,,0.1539,0.1539
,Congo Dem Republic,Rest,2014,,4.8249,4.8249
,Costa Rica,Rest,2014,,7.9175,7.9175
,Croatia,Rest,2014,,16.3088,1668.288
,Cuba,Rest,2014,,30.2895,30.2895
,Cyprus,Rest,2014,,6.1264,348.7827
,Czech Republic,Rest,2014,,98.3893,2164.6407
,Denmark,Rest,2014,,35.6084,1771.4876
,Djibouti,Rest,2014,,0.7218,535.8433
,Dominica,Rest,2014,,0.1356,0.1356
,Dominican Republic,Rest,2014,,21.6526,21.6526
,Ecuador,Rest,2014,,43.2238,43.2238
,Egypt,Rest,2014,,200.2581,1078.0359
,El Salvador,Rest,2014,,6.3783,6.3783
,Equatorial Guinea,Rest,2014,,5.0322,5.0322
,Eritrea,Rest,2014,,0.7102,535.8317
,Estonia,Rest,2014,,17.7435,1045.1993
,Ethiopia,Rest,2014,,11.8194,11.8194
,Fiji,Rest,2014,,1.1688,1.1688
,Finland,Rest,2014,,45.8729,1073.3287
,France,Top20,2014,,294.1512,2066.2514
,Gabon,Rest,2014,,5.7625,5.7625
,Gambia,Rest,2014,,0.5093,0.5093
,Georgia,Rest,2014,,8.5297,968.6115
,Germany,Top20,2014,,740.7404,2066.2514
,Ghana,Rest,2014,,14.7143,14.7143
,Greece,Rest,2014,,68.4338,1028.1777
,Grenada,Rest,2014,,0.2418,0.2418
,Guatemala,Rest,2014,,17.8841,472.0984
,Guinea,Rest,2014,,2.4439,2.4439
,Guyana,Rest,2014,,2.0079,2.0079
,Haiti,Rest,2014,,2.9102,2.9102
,Honduras,Rest,2014,,9.5964,9.5964
,Hungary,Rest,2014,,41.3296,2035.9651
,Iceland,Rest,2014,,2.04,416.3122
,India,Top20,2014,,2158.1807,2158.1807
,Indonesia,Top20,2014,,477.7406,477.7406
,Iran,Top20,2014,,617.4255,1152.547
,Iraq,Top20,2014,,170.9224,1495.2033
,Ireland,Rest,2014,,34.8566,1484.0204
,Israel,Rest,2014,,68.034,945.8118
,Italy,Top20,2014,,330.3722,1651.9792
,Ivory Coast,Rest,2014,,10.6471,10.6471
,Jamaica,Rest,2014,,7.584,7.584
,Japan,Top20,2014,,1217.4877,1808.7436
,Jordan,Rest,2014,,26.3524,904.1302
,Kazakhstan,Rest,2014,,231.8231,231.8231
,Kenya,Rest,2014,,15.131,15.131
,Kiribati,Rest,2014,,0.0623,0.0623
,Kuwait,Rest,2014,,88.3572,1583.5605
,Kyrgyzstan,Rest,2014,,9.221,9.221
,Laos,Rest,2014,,1.9492,1.9492
,Latvia,Rest,2014,,7.3172,1034.773
,Lebanon,Rest,2014,,25.118,902.8958
,Lesotho,Rest,2014,,2.4695,445.9652
,Liberia,Rest,2014,,0.9343,0.9343
,Libya,Rest,2014,,57.0479,57.0479
,Liechtenstein,Rest,2014,,0.044,2066.2954
,Lithuania,Rest,2014,,10.7607,1038.2165
,Luxembourg,Rest,2014,,9.7996,2076.051
,Macedonia,Rest,2014,,7.7708,1708.2551
,Madagascar,Rest,2014,,3.0704,3.0704
,Malawi,Rest,2014,,1.2751,1.2751
,Malaysia,Rest,2014,,233.5068,711.2474
,Mali,Rest,2014,,1.4106,1.4106
,Malta,Rest,2014,,2.34,626.8634
,Mauritania,Rest,2014,,2.7077,2.7077
,Mauritius,Rest,2014,,3.96,3.96
,Mexico,Top20,2014,,454.2143,454.2143
,Moldova,Rest,2014,,7.8985,1708.3828
,Mongolia,Rest,2014,,18.3652,10347.0988
,Montenegro,Rest,2014,,2.22,1996.8555
,Morocco,Rest,2014,,60.94,60.94
,Mozambique,Rest,2014,,4.6175,4.6175
,Namibia,Rest,2014,,3.9527,447.4484
,Nepal,Rest,2014,,7.4762,2165.6569
,Netherlands,Rest,2014,,149.446,2215.6974
,New Zealand,Rest,2014,,31.899,31.899
,Nicaragua,Rest,2014,,4.8881,4.8881
,Niger,Rest,2014,,1.971,1.971
,Nigeria,Rest,2014,,89.6564,89.6564
,Niue,Rest,2014,,0.011,0.011
,North Korea,Rest,2014,,41.3871,1850.1307
,Norway,Rest,2014,,36.7035,1478.4315
,Oman,Rest,2014,,65.1816,1217.7286
,Pakistan,Rest,2014,,153.5398,2929.146
,Palau,Rest,2014,,0.2601,0.2601
,Panama,Rest,2014,,11.6819,11.6819
,Papua New Guinea,Rest,2014,,6.3094,6.3094
,Paraguay,Rest,2014,,5.6883,520.1703
,Peru,Rest,2014,,53.6025,53.6025
,Philippines,Rest,2014,,106.9462,106.9462
,Poland,Top20,2014,,286.7154,2066.2514
,Portugal,Rest,2014,,45.5507,339.7019
,Qatar,Rest,2014,,81.9675,1234.5145
,Romania,Rest,2014,,72.0951,1772.5794
,Russia,Top20,2014,,1530.5909,1530.5909
,Rwanda,Rest,2014,,0.8391,0.8391
,Saint Lucia,Rest,2014,,0.4067,0.4067
,Samoa,Rest,2014,,0.1979,0.1979
,Saudi Arabia,Top20,2014,,535.1215,1152.547
,Senegal,Rest,2014,,8.7202,8.7202
,Serbia,Rest,2014,,39.2239,2033.8594
,Seychelles,Rest,2014,,0.4946,0.4946
,Sierra Leone,Rest,2014,,1.308,1.308
,Singapore,Rest,2014,,45.32,523.0606
,Slovakia,Rest,2014,,30.9934,1682.9726
,Slovenia,Rest,2014,,13.4195,1665.3987
,Solomon Islands,Rest,2014,,0.2015,0.2015
,Somalia,Rest,2014,,0.6082,0.6082
,South Africa,Top20,2014,,443.4957,443.4957
,South Korea,Top20,2014,,591.2559,1808.7436
,Spain,Rest,2014,,239.2594,863.7828
,Sri Lanka,Rest,2014,,17.678,2175.8587
,Sudan,Rest,2014,,13.34,13.34
,Suriname,Rest,2014,,2.056,2.056
,Swaziland,Rest,2014,,1.2018,444.6975
,Sweden,Rest,2014,,38.6658,1480.3938
,Switzerland,Rest,2014,,39.8761,2106.1275
,Syria,Rest,2014,,29.9019,1525.1052
,Tajikistan,Rest,2014,,5.2316,5.2316
,Tanzania,Rest,2014,,11.7696,11.7696
,Thailand,Rest,2014,,261.0591,261.0591
,Togo,Rest,2014,,2.5554,2.5554
,Tonga,Rest,2014,,0.1209,0.1209
,Trinidad and Tobago,Rest,2014,,24.0106,24.0106
,Tunisia,Rest,2014,,29.7211,654.2445
,Turkey,Top20,2014,,342.6563,342.6563
,Turkmenistan,Rest,2014,,69.8113,687.2368
,Uganda,Rest,2014,,5.2285,5.2285
,Ukraine,Rest,2014,,241.3398,1611.4519
,United Arab Emirates,Rest,2014,,185.2629,1337.8099
,United Kingdom,Top20,2014,,414.2722,1735.8792
,United States of America,Top20,2014,,5234.2406,5234.2406
,Uruguay,Rest,2014,,6.6804,6.6804
,Uzbekistan,Rest,2014,,101.564,718.9895
,Venezuela,Rest,2014,,188.4086,188.4086
,Vietnam,Rest,2014,,174.5552,174.5552
,Yemen,Rest,2014,,24.2678,559.3893
,Zambia,Rest,2014,,4.2855,4.2855
,Zimbabwe,Rest,2014,,12.1385,455.6342