0,14.99333333
1,13.46866667
2,24.01441667
3,12.45558333
4,22.46641667
5,15.15508333
6,9.258083333
7,22.35575
8,7.343999999999999
9,11.992
10,25.99233333
11,26.34458333
12,25.28175
13,26.94316667
14,7.757416667
15,10.93533333
16,25.55033333
17,27.79383333
18,12.20558333
19,21.32608333
20,22.94483333
21,25.27491667
22,11.59766667
23,28.80633333
24,20.40933333
25,27.25933333
26,24.88966667
27,-5.021916667
28,24.74533333
29,25.71591667
30,27.61925
31,9.83125
32,7.636
33,25.21916667
34,26.15325
35,24.206999999999997
36,26.29025
37,12.43441667
38,26.13341667
39,19.19441667
40,8.962666667
41,-17.87033333
42,29.303
43,26.62983333
44,26.17116667
45,22.43475
46,23.09141667
47,25.5665
48,25.285
49,27.44808333
50,6.698583332999999
51,23.37958333
52,25.4005
53,2.94325
54,14.03883333
55,24.57083333
56,28.13566667
57,8.84425
58,9.6895
59,27.24475
60,15.49933333
61,27.20566667
62,23.5995
63,26.01116667
64,26.56575
65,26.94291667
66,25.2095
67,10.92033333
68,1.77475
69,24.17816667
70,26.23783333
71,18.42641667
72,22.5415
73,10.31266667
74,20.12983333
75,13.71691667
76,26.4985
77,26.74025
78,13.59058333
79,19.92158333
80,6.55575
81,24.13241667
82,27.07566667
83,25.75858333
84,4.492416667
85,24.05733333
86,7.325666667
87,18.18458333
88,14.14725
89,25.88158333
90,23.101
91,5.91725
92,7.978416667
93,10.59091667
94,11.29775
95,23.12416667
96,22.28025
97,26.41891667
98,29.32108333
99,19.56175
100,28.53641667
101,23.84066667
102,20.96083333
103,10.87558333
104,0.66225
105,11.24258333
106,18.69766667
107,24.20066667
108,21.33683333
109,15.27233333
110,11.00033333
111,11.26933333
112,26.55475
113,28.04808333
114,27.36616667
115,25.65841667
116,8.179083333
117,2.0665
118,27.4445
119,21.37641667
120,27.67691667
121,26.92533333
122,24.93675
123,23.59941667
124,20.23308333
125,26.93233333
126,9.231666667
127,15.74275
128,27.32033333
129,10.226
130,-4.022916667
131,19.54583333
132,27.14275
133,26.85858333
134,26.01875
135,28.508000000000003
136,11.19608333
137,27.22008333
138,26.55141667
139,27.13
140,8.71675
141,10.72633333
142,27.26491667
143,27.14266667
144,17.72833333
145,13.2295
146,14.76208333
147,27.52875
148,27.64408333
149,26.67708333
150,19.2115
151,4.497916667
152,8.255583332999999
153,18.54316667
154,5.199333333
155,22.71433333
156,26.59066667
157,27.51683333
158,23.63975
159,26.6615
160,20.929000000000002
161,12.0325
162,15.92641667
163,23.26708333
164,9.400833333
165,28.26008333
166,9.674583333
167,9.521583332999999
168,17.70358333
169,13.46308333
170,25.59475
171,24.27408333
172,26.64066667
173,22.21933333
174,22.13025
175,14.37075
176,12.33883333
177,23.01108333
178,11.56541667
179,22.09541667
180,15.09758333
181,9.372583333
182,22.48741667
183,6.3579166670000005
184,11.956
185,25.92675
186,25.81191667
187,25.13516667
188,26.89316667
189,6.895416667
190,9.709166667
191,25.86333333
192,27.38091667
193,11.99466667
194,21.75408333
195,22.05966667
196,25.29216667
197,10.18066667
198,28.45941667
199,20.23833333
200,27.20141667
201,24.73383333
202,-4.426666667
203,24.63141667
204,25.69983333
205,27.5535
206,9.725416667000001
207,7.097166667000001
208,25.34183333
209,26.19683333
210,24.06325
211,26.28991667
212,11.33325
213,26.16583333
214,19.08275
215,7.772
216,-17.82791667
217,29.28941667
218,26.54458333
219,26.05341667
220,22.5295
221,23.0885
222,25.64075
223,25.23508333
224,27.25683333
225,6.258083332999999
226,23.41241667
227,25.348000000000003
228,2.32825
229,13.1395
230,24.56683333
231,28.04525
232,8.857083333
233,8.523083332999999
234,26.96941667
235,14.41283333
236,27.14166667
237,23.87758333
238,26.05066667
239,26.44175
240,26.854
241,25.3375
242,9.680166667
243,2.540083333
244,24.31175
245,26.07516667
246,18.02925
247,22.28033333
248,9.825166667000001
249,20.02191667
250,12.8535
251,26.33466667
252,26.68783333
253,12.78316667
254,19.79175
255,6.471
256,24.37158333
257,27.36308333
258,25.34858333
259,3.7833333330000003
260,24.25958333
261,6.689916667
262,18.11483333
263,14.353
264,25.84491667
265,22.61816667
266,4.933
267,7.091583332999999
268,9.453083333
269,9.984416667
270,23.326999999999998
271,21.8895
272,26.33208333
273,28.85583333
274,18.59008333
275,28.03383333
276,24.138
277,20.83966667
278,9.18325
279,0.124833333
280,10.06966667
281,17.61725
282,24.13275
283,20.78075
284,15.135
285,9.75125
286,10.53433333
287,26.61025
288,27.85916667
289,27.04333333
290,25.588
291,7.537000000000001
292,1.1335
293,27.01083333
294,20.90133333
295,27.59958333
296,27.06808333
297,24.72616667
298,24.11566667
299,20.50425
300,26.79341667
301,7.944666667000001
302,15.23283333
303,26.71975
304,8.728166667
305,-4.237
306,19.38075
307,27.08716667
308,26.84908333
309,25.77625
310,28.49033333
311,9.747083332999999
312,27.32966667
313,26.62158333
314,26.99408333
315,7.6391666670000005
316,9.758
317,26.99341667
318,27.25608333
319,17.752
320,12.40791667
321,14.00716667
322,27.56
323,27.51525
324,26.67641667
325,19.41241667
326,3.4589999999999996
327,7.405
328,18.4795
329,4.489333333
330,22.69116667
331,26.65333333
332,27.05683333
333,23.58791667
334,26.529
335,19.92475
336,11.75108333
337,15.52108333
338,23.176
339,8.300166667000001
340,27.69708333
341,8.828333333
342,9.493666667000001
343,17.97391667
344,13.03108333
345,25.5065
346,24.2765
347,26.59441667
348,21.62891667
349,21.78966667
350,14.05608333
351,13.08466667
352,22.767
353,11.49841667
354,22.49858333
355,14.73916667
356,7.614666667000001
357,21.93258333
358,7.615583332999999
359,10.72133333
360,25.4655
361,25.17766667
362,25.12225
363,26.90466667
364,7.132000000000001
365,10.48925
366,25.64791667
367,27.23058333
368,11.82683333
369,21.20591667
370,23.29083333
371,25.25133333
372,11.02175
373,28.131999999999998
374,20.56825
375,27.0705
376,24.29733333
377,-4.928916667
378,24.68225
379,25.09208333
380,26.91966667
381,9.73775
382,6.858416667
383,25.53358333
384,26.21783333
385,24.13258333
386,26.36175
387,12.54908333
388,25.85958333
389,18.04925
390,9.103833332999999
391,-19.00041667
392,28.999000000000002
393,26.619
394,25.94133333
395,22.6115
396,22.55491667
397,25.78191667
398,24.88916667
399,26.42891667
400,6.401833333
401,23.2395
402,25.29633333
403,2.6495833330000003
404,13.46291667
405,24.24025
406,28.03433333
407,7.390916667000001
408,9.505833333
409,26.83325
410,14.78533333
411,27.15708333
412,23.79075
413,25.78408333
414,26.50358333
415,26.67183333
416,25.46158333
417,10.99633333
418,1.7690833330000002
419,24.22291667
420,26.17016667
421,16.94975
422,20.68583333
423,9.789
424,19.02866667
425,13.58175
426,26.17725
427,26.72041667
428,12.48425
429,18.60491667
430,5.809666667
431,24.40891667
432,27.28733333
433,24.30033333
434,3.72075
435,23.71183333
436,6.920083332999999
437,16.92125
438,14.89008333
439,25.65591667
440,22.39783333
441,5.910666667
442,7.46825
443,10.22383333
444,10.84333333
445,23.34133333
446,22.39033333
447,26.28658333
448,28.56616667
449,18.83208333
450,27.955
451,23.80908333
452,20.65033333
453,9.753333332999999
454,0.261666667
455,10.94225
456,17.68575
457,24.743000000000002
458,21.33683333
459,15.07558333
460,10.75216667
461,9.936166667
462,26.73125
463,27.18508333
464,26.66366667
465,25.494
466,7.602333333
467,1.296166667
468,26.73891667
469,20.7085
470,27.53908333
471,27.1085
472,24.83108333
473,23.09075
474,20.83658333
475,26.9015
476,8.8135
477,15.11133333
478,26.14741667
479,9.562583333
480,-4.90325
481,19.692
482,27.103
483,26.75916667
484,24.77125
485,28.45983333
486,10.97558333
487,26.95316667
488,26.39716667
489,26.99741667
490,8.727166667
491,10.92533333
492,27.00191667
493,27.25825
494,18.25616667
495,12.60375
496,13.95525
497,27.26983333
498,26.87966667
499,26.80558333
500,20.26983333
501,3.87225
502,8.059666667
503,17.02858333
504,4.4305
505,22.803
506,26.29116667
507,26.9755
508,23.57616667
509,26.49866667
510,20.03316667
511,10.51666667
512,15.03683333
513,23.29541667
514,8.37975
515,27.28408333
516,9.025
517,9.056333333
518,17.52883333
519,12.86333333
520,25.59333333
521,23.85125
522,26.2665
523,22.41466667
524,22.84033333
525,14.43925
526,13.12258333
527,23.45083333
528,11.43216667
529,22.291
530,15.09866667
531,7.769666667
532,22.16016667
533,6.8586666670000005
534,10.52608333
535,25.54983333
536,26.16591667
537,25.00316667
538,27.05683333
539,6.013833332999999
540,9.925833333
541,25.60308333
542,27.59791667
543,12.08775
544,21.52491667
545,22.68075
546,25.35491667
547,10.71341667
548,28.62108333
549,20.48333333
550,26.90825
551,24.66225
552,-4.4015
553,24.44966667
554,25.74875
555,27.61241667
556,9.944583332999999
557,6.919416667
558,25.20641667
559,26.17816667
560,24.08616667
561,26.31933333
562,11.93158333
563,25.87441667
564,18.949
565,8.142000000000001
566,-18.71616667
567,28.74083333
568,26.64791667
569,25.9165
570,22.42158333
571,23.39225
572,25.66308333
573,25.18933333
574,26.93025
575,5.14625
576,22.98875
577,25.00716667
578,1.7829166669999998
579,13.15016667
580,24.5445
581,28.24066667
582,7.3978333329999995
583,8.6335
584,27.08891667
585,15.04058333
586,27.34841667
587,23.77633333
588,26.02783333
589,26.31041667
590,26.61958333
591,25.291999999999998
592,10.12091667
593,1.70325
594,24.40866667
595,26.13883333
596,17.74108333
597,21.90308333
598,9.641583333
599,19.97541667
600,13.40966667
601,26.32283333
602,26.523000000000003
603,12.05516667
604,19.67991667
605,4.70225
606,24.28158333
607,27.13858333
608,25.36183333
609,3.116166667
610,23.77033333
611,5.6399166670000005
612,17.92625
613,14.63275
614,25.83258333
615,23.00275
616,5.333833333
617,6.24175
618,9.65275
619,10.91516667
620,23.45583333
621,21.94016667
622,26.215
623,28.9665
624,19.05125
625,27.85841667
626,23.91108333
627,20.93883333
628,8.870166667000001
629,-0.212583333
630,10.78333333
631,17.50266667
632,24.2475
633,21.24833333
634,15.27625
635,9.8475
636,10.23825
637,26.61125
638,27.75333333
639,27.10333333
640,25.22483333
641,7.274083332999999
642,0.419
643,27.36858333
644,21.44483333
645,27.48458333
646,26.936999999999998
647,24.67375
648,23.73425
649,20.5025
650,26.84633333
651,7.831083333
652,14.52016667
653,27.04975
654,8.862916667
655,-4.62175
656,19.6935
657,27.24741667
658,26.52291667
659,25.741
660,28.6465
661,10.41441667
662,26.96458333
663,26.60883333
664,26.92883333
665,7.982166667
666,10.35
667,26.781
668,26.90975
669,18.20275
670,11.97191667
671,13.50066667
672,27.36741667
673,27.68025
674,26.58958333
675,19.725
676,2.945
677,7.6173333329999995
678,18.04566667
679,4.142666667
680,22.69
681,26.29708333
682,27.23675
683,23.19233333
684,26.73708333
685,20.56766667
686,11.27741667
687,14.73541667
688,23.39091667
689,7.458416667000001
690,28.07041667
691,8.66975
692,8.86725
693,17.64641667
694,11.956
695,25.468000000000004
696,23.93566667
697,26.401999999999997
698,21.71158333
699,21.85225
700,14.75475
701,14.09966667
702,23.64208333
703,12.63225
704,22.18941667
705,15.57866667
706,9.02125
707,22.03025
708,8.164916667
709,11.47291667
710,26.0245
711,26.73375
712,25.26166667
713,26.96008333
714,6.735916667000001
715,10.99675
716,25.90891667
717,27.33558333
718,12.29966667
719,21.98475
720,22.37916667
721,25.45466667
722,12.20041667
723,28.03933333
724,20.539
725,27.12308333
726,24.63166667
727,-4.433666667
728,24.45883333
729,25.68275
730,27.26108333
731,10.05433333
732,7.496
733,25.16241667
734,26.4525
735,24.22525
736,26.42583333
737,13.11
738,26.26466667
739,19.802
740,9.452416667
741,-18.08541667
742,29.06233333
743,26.6245
744,26.28058333
745,22.21708333
746,23.235
747,25.91316667
748,25.2865
749,26.89058333
750,5.25225
751,23.20866667
752,25.14875
753,1.773916667
754,14.15616667
755,24.64708333
756,27.90408333
757,8.718333333
758,9.847000000000001
759,26.96608333
760,16.04466667
761,27.250999999999998
762,24.02166667
763,25.75541667
764,26.43025
765,27.10525
766,25.67583333
767,11.54541667
768,1.584333333
769,24.29641667
770,26.08425
771,18.386
772,22.64241667
773,9.884833333
774,20.50033333
775,14.28483333
776,26.24825
777,26.910999999999998
778,13.22975
779,20.26558333
780,5.5365
781,24.52491667
782,27.24708333
783,25.84233333
784,3.75275
785,24.06091667
786,5.9385
787,18.66425
788,13.90275
789,25.72091667
790,22.81608333
791,6.637583332999999
792,6.809416667000001
793,10.82216667
794,12.03658333
795,23.44458333
796,21.98016667
797,26.27716667
798,28.37625
799,19.83766667
800,27.91091667
801,24.16583333
802,21.32575
803,10.66416667
804,0.6935
805,11.7725
806,18.46041667
807,24.04225
808,20.95108333
809,15.45825
810,10.842
811,10.54225
812,26.86691667
813,27.40058333
814,26.81883333
815,25.30233333
816,8.275416667
817,0.4645
818,27.75608333
819,21.16308333
820,27.6165
821,27.006
822,24.69483333
823,24.47091667
824,20.53058333
825,26.83133333
826,8.921
827,15.31283333
828,27.52958333
829,10.609000000000002
830,-4.898416667
831,19.71241667
832,27.14025
833,26.74891667
834,26.29758333
835,28.24108333
836,11.68225
837,27.30183333
838,26.35825
839,27.08775
840,9.297583333
841,11.502
842,26.79308333
843,27.265
844,17.61475
845,13.48041667
846,14.651
847,27.36525
848,27.25733333
849,26.56608333
850,18.97041667
851,2.879916667
852,8.821083332999999
853,19.05183333
854,4.72025
855,22.86241667
856,26.476999999999997
857,27.08166667
858,23.22775
859,26.6075
860,21.266
861,12.74483333
862,15.35641667
863,23.41558333
864,8.80725
865,28.39741667
866,9.15075
867,9.270333333
868,18.13191667
869,12.63916667
870,25.5065
871,24.15941667
872,26.99425
873,21.84658333
874,21.60875
875,14.85916667
876,12.78208333
877,23.7225
878,12.37641667
879,22.93616667
880,15.14983333
881,9.892166667
882,21.95516667
883,6.8465
884,12.73158333
885,25.76866667
886,26.25741667
887,25.41583333
888,27.326
889,7.02125
890,10.69675
891,26.00475
892,27.61616667
893,12.42841667
894,21.73058333
895,23.21383333
896,25.55441667
897,10.80966667
898,28.46958333
899,20.82433333
900,27.08041667
901,24.818
902,-4.314333333
903,25.16733333
904,25.63183333
905,27.46183333
906,9.784916667000001
907,7.211583332999999
908,25.49283333
909,26.38508333
910,24.46991667
911,26.29283333
912,11.88175
913,26.1275
914,19.079
915,8.41175
916,-17.69783333
917,29.25975
918,26.97433333
919,26.35775
920,22.57416667
921,23.16916667
922,25.73408333
923,25.61458333
924,27.13666667
925,6.165833332999999
926,23.3965
927,25.715999999999998
928,2.354083333
929,13.89975
930,24.93691667
931,28.19008333
932,9.427583333
933,9.0335
934,27.21225
935,15.10225
936,27.63533333
937,23.96066667
938,25.94608333
939,26.888
940,27.10425
941,25.83216667
942,10.30275
943,1.06825
944,24.42975
945,26.22966667
946,18.40791667
947,22.430999999999997
948,10.51891667
949,20.04333333
950,13.23408333
951,26.4645
952,26.89391667
953,12.47541667
954,19.84791667
955,7.3353333329999995
956,24.47533333
957,27.46591667
958,25.49175
959,4.050166667
960,23.94583333
961,6.566333332999999
962,18.10483333
963,14.245999999999999
964,25.94875
965,22.9495
966,5.334583333
967,7.007333332999999
968,10.34266667
969,10.57125
970,23.47975
971,22.30166667
972,26.3345
973,28.904
974,19.07275
975,28.26
976,24.02341667
977,21.37066667
978,9.477916667
979,0.7485
980,10.38358333
981,18.78883333
982,24.4765
983,21.60025
984,15.45333333
985,10.59466667
986,10.82108333
987,26.92175
988,27.89541667
989,27.16516667
990,25.71258333
991,7.512416667
992,0.506
993,27.3235
994,21.07391667
995,27.63408333
996,26.95808333
997,24.984
998,23.96375
999,20.686
1000,26.82641667
1001,8.26225
1002,16.34741667
1003,27.10308333
1004,9.13875
1005,-3.1301666669999997
1006,19.9635
1007,27.49275
1008,27.03733333
1009,25.98916667
1010,28.55691667
1011,10.27616667
1012,27.29775
1013,26.57816667
1014,27.0725
1015,8.152999999999999
1016,10.28958333
1017,27.2005
1018,27.16325
1019,17.87075
1020,12.32725
1021,15.07216667
1022,27.5875
1023,27.49883333
1024,27.04533333
1025,19.53933333
1026,3.0660000000000003
1027,7.751916667000001
1028,18.48225
1029,4.808666667
1030,23.00641667
1031,26.52991667
1032,27.31133333
1033,23.89008333
1034,27.00791667
1035,20.68316667
1036,12.18883333
1037,16.52091667
1038,23.57158333
1039,8.709083332999999
1040,27.98633333
1041,9.419583333
1042,9.331
1043,17.66475
1044,13.97133333
1045,25.92158333
1046,23.919
1047,26.57766667
1048,22.45141667
1049,22.49633333
1050,14.425999999999998
1051,12.7365
1052,23.73433333
1053,11.74141667
1054,22.47925
1055,15.21158333
1056,9.819166667000001
1057,22.32533333
1058,5.86325
1059,12.20225
1060,25.38541667
1061,26.8275
1062,25.44025
1063,27.01825
1064,5.6565833329999995
1065,8.893166667000001
1066,25.4505
1067,27.70391667
1068,12.37466667
1069,21.05366667
1070,22.19966667
1071,25.33783333
1072,10.4285
1073,28.73908333
1074,20.39575
1075,26.83883333
1076,24.70075
1077,-4.941166667
1078,25.23066667
1079,25.71725
1080,27.7835
1081,9.758
1082,6.962666667000001
1083,25.14991667
1084,25.95333333
1085,24.19775
1086,25.9625
1087,11.12575
1088,25.80133333
1089,19.47558333
1090,6.850083333
1091,-16.80566667
1092,29.16525
1093,26.6325
1094,25.87075
1095,22.0325
1096,23.42633333
1097,25.35441667
1098,25.23841667
1099,27.18391667
1100,4.5785
1101,23.35858333
1102,25.86108333
1103,1.6930833330000001
1104,13.01391667
1105,24.46475
1106,28.29875
1107,9.117916667000001
1108,7.374416667
1109,27.13083333
1110,14.84675
1111,27.28625
1112,23.45008333
1113,26.10075
1114,26.48758333
1115,26.65608333
1116,25.17933333
1117,9.357000000000001
1118,2.3195
1119,24.43691667
1120,26.215
1121,18.20641667
1122,23.01375
1123,9.591166667000001
1124,20.52808333
1125,13.007
1126,26.42333333
1127,26.47483333
1128,12.08283333
1129,20.422
1130,5.100833333
1131,24.453000000000003
1132,27.3535
1133,26.32791667
1134,3.414583333
1135,23.7015
1136,4.967
1137,18.50016667
1138,13.65566667
1139,25.99625
1140,23.12325
1141,4.48675
1142,5.405583332999999
1143,8.652583332999999
1144,10.50691667
1145,23.26291667
1146,21.96333333
1147,26.23891667
1148,29.25258333
1149,18.96241667
1150,28.5385
1151,23.89116667
1152,21.13216667
1153,8.573333332999999
1154,-0.082666667
1155,10.32358333
1156,18.24833333
1157,24.09016667
1158,20.82866667
1159,15.45983333
1160,8.739333333
1161,10.7435
1162,26.40975
1163,28.128
1164,27.19466667
1165,25.71325
1166,7.266083332999999
1167,0.255666667
1168,27.17358333
1169,20.93383333
1170,27.70158333
1171,26.66833333
1172,25.04233333
1173,23.41483333
1174,20.115
1175,26.88791667
1176,6.7685
1177,15.29633333
1178,27.60808333
1179,8.649416667
1180,-4.810333333
1181,19.47741667
1182,27.17508333
1183,26.84583333
1184,26.433000000000003
1185,28.77566667
1186,9.824916667
1187,26.91175
1188,26.7045
1189,27.04333333
1190,7.126166667000001
1191,9.445
1192,27.12491667
1193,27.125999999999998
1194,17.25866667
1195,12.165
1196,14.15125
1197,27.39958333
1198,27.75066667
1199,26.82158333
1200,19.111
1201,2.39175
1202,6.974583332999999
1203,18.90341667
1204,4.275333333
1205,22.75666667
1206,26.1855
1207,27.30583333
1208,23.99366667
1209,26.57341667
1210,20.5275
1211,12.40591667
1212,15.327
1213,23.3005
1214,7.552583332999999
1215,28.31925
1216,8.551166667
1217,8.754333333
1218,17.87416667
1219,12.45225
1220,25.5985
1221,23.74966667
1222,26.54616667
1223,22.01808333
1224,21.55316667
1225,14.904000000000002
1226,12.90091667
1227,23.95516667
1228,12.89616667
1229,22.31716667
1230,15.62066667
1231,9.246333332999999
1232,22.086
1233,7.0250833329999995
1234,11.89441667
1235,26.19083333
1236,26.19091667
1237,24.85925
1238,27.23933333
1239,6.34375
1240,10.47241667
1241,26.08825
1242,27.541999999999998
1243,11.57883333
1244,21.61133333
1245,22.33683333
1246,25.55941667
1247,10.22533333
1248,28.56916667
1249,20.78425
1250,27.21933333
1251,24.81733333
1252,-4.2315
1253,25.30616667
1254,26.04266667
1255,27.79741667
1256,10.337
1257,7.3673333329999995
1258,25.58
1259,26.30516667
1260,24.53566667
1261,26.80625
1262,11.82741667
1263,26.63825
1264,18.87625
1265,8.139333333
1266,-17.45533333
1267,29.26933333
1268,26.95716667
1269,26.69725
1270,23.08291667
1271,22.93966667
1272,26.03575
1273,25.32525
1274,27.146
1275,5.778333333
1276,23.42383333
1277,25.32341667
1278,2.227583333
1279,14.095999999999998
1280,24.73041667
1281,28.35016667
1282,8.550666667
1283,9.048666667
1284,27.07291667
1285,14.76325
1286,27.45233333
1287,24.07683333
1288,25.98566667
1289,26.73616667
1290,27.54583333
1291,25.83966667
1292,9.871916667
1293,2.223666667
1294,24.04733333
1295,26.37191667
1296,18.30325
1297,21.92116667
1298,10.6835
1299,19.82316667
1300,13.83883333
1301,26.46083333
1302,27.19916667
1303,12.75241667
1304,19.48458333
1305,7.065333333
1306,24.56475
1307,27.49633333
1308,25.31583333
1309,4.873916667
1310,24.11791667
1311,6.232083332999999
1312,17.73158333
1313,13.95325
1314,25.99066667
1315,23.0465
1316,5.79325
1317,6.72675
1318,10.167
1319,10.46016667
1320,23.45291667
1321,22.03475
1322,26.55641667
1323,29.13391667
1324,19.39666667
1325,28.6
1326,24.09741667
1327,20.89858333
1328,8.690666667
1329,1.2595
1330,10.57216667
1331,18.79925
1332,24.15225
1333,20.81816667
1334,14.69191667
1335,10.40941667
1336,10.542
1337,27.02683333
1338,28.131
1339,27.14491667
1340,25.24758333
1341,7.870333333
1342,1.04375
1343,27.3465
1344,20.73875
1345,27.79808333
1346,27.41291667
1347,24.7675
1348,24.40741667
1349,20.93658333
1350,26.97633333
1351,7.980666667
1352,16.26758333
1353,27.15791667
1354,8.523666667
1355,-4.2965
1356,19.95575
1357,27.44208333
1358,26.70691667
1359,25.86766667
1360,28.82133333
1361,9.984
1362,27.36791667
1363,26.6695
1364,27.38891667
1365,7.773083333
1366,10.38291667
1367,26.95041667
1368,27.22233333
1369,17.61525
1370,12.81883333
1371,15.10591667
1372,27.65766667
1373,27.694000000000003
1374,27.04716667
1375,19.1525
1376,3.7305833330000002
1377,8.212416667000001
1378,17.93366667
1379,5.4524166670000005
1380,22.94875
1381,26.63516667
1382,27.22541667
1383,23.38641667
1384,26.68125
1385,21.084
1386,11.568
1387,16.335
1388,23.81366667
1389,7.604583333
1390,28.12066667
1391,9.64425
1392,9.172916667
1393,18.3655
1394,13.84725
1395,25.75266667
1396,24.22266667
1397,26.94
1398,21.94975
1399,21.56666667
1400,15.1325
1401,13.31125
1402,23.92058333
1403,12.11875
1404,23.12016667
1405,15.26175
1406,10.44841667
1407,22.66483333
1408,7.22275
1409,12.95875
1410,26.2295
1411,27.61241667
1412,25.52416667
1413,27.62508333
1414,6.528333333
1415,10.36916667
1416,26.22816667
1417,28.08858333
1418,12.58983333
1419,21.46733333
1420,23.07058333
1421,25.95875
1422,11.09891667
1423,28.99291667
1424,20.8135
1425,27.95683333
1426,25.32308333
1427,-2.5539166669999998
1428,25.37366667
1429,26.20433333
1430,27.89583333
1431,10.29241667
1432,8.051833333
1433,25.87916667
1434,26.64725
1435,24.73733333
1436,26.97408333
1437,12.10091667
1438,26.40708333
1439,19.96408333
1440,8.696
1441,-16.62091667
1442,29.7805
1443,27.268
1444,26.67633333
1445,23.121
1446,23.68241667
1447,26.13108333
1448,26.0035
1449,27.57783333
1450,5.361416667
1451,23.68941667
1452,25.86533333
1453,1.22675
1454,13.72066667
1455,25.39483333
1456,28.82608333
1457,9.85875
1458,9.17175
1459,27.6635
1460,15.50608333
1461,27.945999999999998
1462,24.3065
1463,26.51966667
1464,27.1385
1465,27.39541667
1466,26.09925
1467,10.36183333
1468,1.60775
1469,24.75541667
1470,26.75475
1471,19.16991667
1472,23.45541667
1473,10.4595
1474,20.96641667
1475,13.66233333
1476,27.04066667
1477,27.23558333
1478,13.24475
1479,20.77358333
1480,6.2489166670000005
1481,24.590999999999998
1482,27.465999999999998
1483,26.67075
1484,4.393166667
1485,24.86883333
1486,5.99775
1487,19.00166667
1488,14.54233333
1489,26.46
1490,23.27633333
1491,5.6638333329999995
1492,6.653166667000001
1493,9.995416667
1494,10.99758333
1495,23.75341667
1496,22.37791667
1497,27.055
1498,29.49308333
1499,19.31108333
1500,28.96991667
1501,24.40591667
1502,21.53175
1503,9.532
1504,1.596916667
1505,10.93083333
1506,18.71266667
1507,24.62341667
1508,21.67666667
1509,15.57775
1510,10.51858333
1511,11.633
1512,27.39625
1513,28.32766667
1514,27.61191667
1515,25.80433333
1516,8.751333333
1517,0.465416667
1518,28.18675
1519,21.66275
1520,28.00641667
1521,27.54741667
1522,25.41975
1523,23.41725
1524,21.18183333
1525,27.77941667
1526,8.315166667
1527,15.645
1528,28.42483333
1529,9.178416667
1530,-5.281083333
1531,19.95183333
1532,27.811999999999998
1533,27.12191667
1534,26.85375
1535,29.25425
1536,10.56833333
1537,27.65441667
1538,27.07575
1539,27.77591667
1540,8.333583333
1541,10.59733333
1542,27.37433333
1543,27.54991667
1544,18.09533333
1545,13.64925
1546,14.552
1547,28.15325
1548,27.803
1549,27.40016667
1550,19.86541667
1551,2.8729166669999997
1552,7.957999999999999
1553,19.41533333
1554,5.116416667
1555,23.05816667
1556,27.37966667
1557,27.80558333
1558,24.13383333
1559,27.32641667
1560,20.76133333
1561,12.88316667
1562,16.16258333
1563,23.74425
1564,8.455583333
1565,29.29258333
1566,9.46275
1567,10.14116667
1568,17.5215
1569,13.245
1570,26.159000000000002
1571,24.89983333
1572,27.36866667
1573,22.30066667
1574,22.14216667
1575,15.38875
1576,13.65375
1577,24.29941667
1578,12.17866667
1579,22.38208333
1580,15.06491667
1581,10.331
1582,22.0645
1583,7.23425
1584,12.85175
1585,25.62266667
1586,27.74241667
1587,25.71483333
1588,27.14083333
1589,7.71275
1590,10.93425
1591,25.36666667
1592,27.68041667
1593,12.81491667
1594,21.03175
1595,22.978
1596,25.28658333
1597,11.7885
1598,28.45116667
1599,20.314
1600,26.83475
1601,24.65616667
1602,-3.1863333330000003
1603,24.627
1604,25.46941667
1605,27.77983333
1606,9.829583332999999
1607,7.84025
1608,24.87066667
1609,26.28808333
1610,24.01275
1611,25.86441667
1612,12.3165
1613,25.7975
1614,20.07375
1615,8.89725
1616,-17.69908333
1617,29.3715
1618,26.81325
1619,26.17283333
1620,21.90216667
1621,23.77933333
1622,25.27958333
1623,25.323
1624,27.51408333
1625,6.456833333
1626,23.44683333
1627,25.68666667
1628,2.3225
1629,13.90491667
1630,24.73683333
1631,27.7575
1632,9.769166667
1633,9.62075
1634,27.11991667
1635,15.99216667
1636,27.46391667
1637,23.41841667
1638,25.84191667
1639,26.42375
1640,26.85016667
1641,25.21883333
1642,10.655
1643,1.84225
1644,24.65983333
1645,26.1335
1646,19.15791667
1647,23.49333333
1648,10.45816667
1649,20.89216667
1650,13.763
1651,26.41458333
1652,26.53566667
1653,13.08008333
1654,20.62116667
1655,6.9755
1656,24.57058333
1657,26.93541667
1658,26.83683333
1659,4.600333333
1660,23.93708333
1661,7.108916667000001
1662,18.9815
1663,14.98216667
1664,25.88966667
1665,23.69358333
1666,5.5460833329999994
1667,7.67825
1668,10.54233333
1669,11.40683333
1670,23.41925
1671,21.68925
1672,26.24891667
1673,28.79258333
1674,19.842
1675,27.87291667
1676,24.1075
1677,21.1285
1678,10.62916667
1679,1.099166667
1680,11.24866667
1681,18.36833333
1682,24.0815
1683,21.46591667
1684,15.94458333
1685,11.08616667
1686,11.61225
1687,26.46
1688,28.26875
1689,27.32916667
1690,25.68316667
1691,8.280666667
1692,1.27975
1693,28.11283333
1694,21.863000000000003
1695,27.66633333
1696,26.42525
1697,24.91983333
1698,23.69758333
1699,20.06775
1700,26.92575
1701,9.035
1702,15.27908333
1703,28.566999999999997
1704,10.091000000000001
1705,-4.82975
1706,19.50883333
1707,27.32858333
1708,26.78033333
1709,26.94058333
1710,28.12733333
1711,10.91725
1712,27.13683333
1713,26.5215
1714,27.01675
1715,8.675583332999999
1716,10.68691667
1717,26.99425
1718,27.4995
1719,18.5455
1720,13.03341667
1721,14.3665
1722,27.36125
1723,27.7195
1724,26.7225
1725,19.78883333
1726,3.543916667
1727,7.902833332999999
1728,19.281
1729,5.425
1730,22.64816667
1731,26.22225
1732,27.28033333
1733,23.8695
1734,26.86766667
1735,21.65691667
1736,13.08725
1737,16.3785
1738,23.28408333
1739,9.50725
1740,29.29841667
1741,9.663333332999999
1742,9.567
1743,17.60775
1744,13.9085
1745,25.34483333
1746,24.06641667
1747,27.35358333
1748,21.45175
1749,21.48633333
1750,15.49783333
1751,13.74658333
1752,24.03225
1753,12.31191667
1754,22.36066667
1755,14.7505
1756,9.918166667000001
1757,21.70966667
1758,8.084916667
1759,12.632
1760,25.44916667
1761,27.07075
1762,25.15016667
1763,26.90208333
1764,7.909833333
1765,11.03425
1766,25.285
1767,27.63766667
1768,11.99841667
1769,21.07716667
1770,21.87233333
1771,25.1965
1772,11.90683333
1773,28.59141667
1774,20.59583333
1775,27.05716667
1776,24.613000000000003
1777,-4.025916667
1778,24.71591667
1779,25.61333333
1780,27.44783333
1781,9.564083333
1782,7.238083333
1783,25.03016667
1784,25.9955
1785,24.20616667
1786,26.07216667
1787,13.22641667
1788,25.785
1789,19.442
1790,9.658999999999999
1791,-16.8245
1792,29.86
1793,26.5715
1794,25.88041667
1795,22.026
1796,22.88141667
1797,25.40716667
1798,25.22058333
1799,27.51725
1800,7.00875
1801,23.76258333
1802,25.83716667
1803,3.590666667
1804,13.96733333
1805,24.57241667
1806,28.06375
1807,9.311166667
1808,10.02041667
1809,27.24591667
1810,15.67333333
1811,27.19091667
1812,23.42883333
1813,25.96916667
1814,26.39358333
1815,26.59858333
1816,25.15366667
1817,11.70033333
1818,2.10325
1819,24.498
1820,26.19025
1821,18.89208333
1822,22.98883333
1823,10.13075
1824,20.23041667
1825,14.1255
1826,26.40233333
1827,26.46941667
1828,12.83383333
1829,20.04525
1830,6.761416667000001
1831,24.71666667
1832,27.07925
1833,26.37608333
1834,4.73075
1835,23.83516667
1836,7.497083333
1837,18.37733333
1838,14.05391667
1839,25.85975
1840,22.83508333
1841,6.32875
1842,8.107666667
1843,10.79275
1844,11.582
1845,23.32033333
1846,21.71441667
1847,26.37141667
1848,29.15033333
1849,19.60916667
1850,28.35558333
1851,24.00258333
1852,21.23208333
1853,10.69
1854,0.175
1855,11.56133333
1856,18.56508333
1857,23.92025
1858,21.01766667
1859,15.27933333
1860,11.1035
1861,11.11558333
1862,26.38133333
1863,27.97583333
1864,27.0335
1865,25.80575
1866,7.525
1867,1.7969166669999999
1868,27.92241667
1869,21.8225
1870,27.69075
1871,26.71183333
1872,24.941999999999997
1873,23.62608333
1874,20.23191667
1875,27.00975
1876,9.622166667
1877,15.392999999999999
1878,27.993000000000002
1879,10.47225
1880,-4.545666667
1881,19.75308333
1882,27.07841667
1883,26.83833333
1884,26.64291667
1885,28.52608333
1886,11.790999999999999
1887,27.17925
1888,26.54683333
1889,27.0965
1890,9.482000000000001
1891,11.59058333
1892,27.26475
1893,27.71025
1894,17.58558333
1895,12.57533333
1896,14.46875
1897,27.46975
1898,27.45658333
1899,26.58608333
1900,19.0235
1901,4.421
1902,8.562666667
1903,18.77333333
1904,5.392583332999999
1905,22.79158333
1906,26.30216667
1907,27.44241667
1908,24.02866667
1909,26.62708333
1910,21.1405
1911,12.20191667
1912,16.39816667
1913,23.56091667
1914,9.316333333
1915,28.87775
1916,9.379666667
1917,9.64975
1918,17.75675
1919,13.93883333
1920,25.3885
1921,23.98191667
1922,27.43616667
1923,21.55875
1924,21.149
1925,15.77808333
1926,13.69041667
1927,24.72441667
1928,12.21608333
1929,22.50291667
1930,15.37041667
1931,10.44341667
1932,21.79275
1933,7.188916667000001
1934,13.09725
1935,25.58066667
1936,27.430999999999997
1937,25.337
1938,27.22183333
1939,7.09225
1940,10.54333333
1941,25.52391667
1942,27.67583333
1943,12.42575
1944,21.23408333
1945,22.3505
1946,25.50441667
1947,11.62383333
1948,28.73216667
1949,20.51033333
1950,27.24583333
1951,24.65191667
1952,-3.100083333
1953,25.28558333
1954,25.71016667
1955,27.63525
1956,9.819666667
1957,7.596416667000001
1958,25.41191667
1959,26.41425
1960,24.25625
1961,26.11433333
1962,12.411
1963,25.85641667
1964,20.01175
1965,8.378833333
1966,-17.06775
1967,29.47691667
1968,26.90216667
1969,26.34066667
1970,22.23608333
1971,23.61633333
1972,25.49291667
1973,25.20725
1974,27.41058333
1975,5.973
1976,23.6615
1977,25.75141667
1978,2.09525
1979,13.6965
1980,24.51358333
1981,28.48975
1982,9.86175
1983,9.090416667000001
1984,27.27875
1985,15.93158333
1986,27.50716667
1987,23.58441667
1988,26.2885
1989,26.576999999999998
1990,27.01375
1991,25.15475
1992,10.52375
1993,2.3649166669999997
1994,24.58191667
1995,26.32975
1996,19.47383333
1997,23.51708333
1998,10.02308333
1999,20.92975
2000,13.95425
2001,26.67333333
2002,26.70308333
2003,12.45
2004,20.73083333
2005,6.813083333
2006,24.45833333
2007,27.39225
2008,26.65475
2009,4.781000000000001
2010,24.15508333
2011,6.53925
2012,19.06275
2013,14.33341667
2014,26.1535
2015,23.41316667
2016,5.588416667000001
2017,7.120416667000001
2018,10.20658333
2019,11.4705
2020,23.58691667
2021,21.99875
2022,26.50008333
2023,29.31083333
2024,19.90966667
2025,28.87841667
2026,24.4905
2027,21.133000000000003
2028,10.00083333
2029,0.7503333329999999
2030,11.23525
2031,19.23391667
2032,24.25091667
2033,21.23716667
2034,15.59025
2035,10.579
2036,11.19108333
2037,26.41
2038,28.118000000000002
2039,27.09466667
2040,25.80708333
2041,7.7270833329999995
2042,0.7025
2043,28.08333333
2044,21.93041667
2045,27.75858333
2046,26.66583333
2047,25.05466667
2048,24.28825
2049,20.22575
2050,27.10425
2051,8.333833333
2052,15.40775
2053,28.30566667
2054,9.638583333
2055,-4.490666667
2056,19.66125
2057,27.42125
2058,26.95383333
2059,26.76966667
2060,28.93633333
2061,10.91316667
2062,27.46783333
2063,26.82675
2064,27.18933333
2065,8.30775
2066,10.89466667
2067,27.44833333
2068,27.47783333
2069,17.86791667
2070,12.84258333
2071,14.61608333
2072,27.66308333
2073,27.72583333
2074,26.80408333
2075,19.546
2076,3.1396666669999997
2077,7.97975
2078,19.39625
2079,5.718166667
2080,22.7475
2081,26.67983333
2082,27.4105
2083,23.99508333
2084,26.9485
2085,21.70125
2086,13.28325
2087,16.57383333
2088,23.40583333
2089,8.938666667
2090,29.00958333
2091,9.140083333
2092,9.785583333
2093,18.57425
2094,13.998
2095,25.77133333
2096,24.18491667
2097,27.06891667
2098,21.80241667
2099,21.69366667
2100,15.53766667
2101,13.55991667
2102,24.263
2103,12.31958333
2104,22.9255
2105,15.18375
2106,9.605
2107,22.46083333
2108,7.91525
2109,12.43225
2110,26.11625
2111,27.26641667
2112,25.38033333
2113,27.26608333
2114,7.701916667000001
2115,11.03575
2116,25.78733333
2117,27.8195
2118,12.18033333
2119,21.60575
2120,22.98566667
2121,25.80033333
2122,11.68033333
2123,28.97816667
2124,20.74983333
2125,27.55541667
2126,24.95025
2127,-4.362833333
2128,25.10466667
2129,25.81941667
2130,27.77283333
2131,9.742416667
2132,7.795666667000001
2133,25.57075
2134,26.65775
2135,24.56275
2136,26.30675
2137,12.89891667
2138,26.313000000000002
2139,19.72916667
2140,9.203666667
2141,-16.29108333
2142,29.53158333
2143,26.93566667
2144,26.58125
2145,22.76366667
2146,23.71625
2147,25.71041667
2148,25.5265
2149,27.63941667
2150,6.211583332999999
2151,23.82325
2152,25.71333333
2153,2.2301666669999998
2154,14.04816667
2155,24.83391667
2156,28.54791667
2157,9.206
2158,9.637333332999999
2159,27.40108333
2160,15.62233333
2161,27.53116667
2162,23.83358333
2163,26.51483333
2164,26.60808333
2165,27.24966667
2166,25.43258333
2167,11.43208333
2168,2.665833333
2169,24.913
2170,26.529
2171,19.14241667
2172,22.89558333
2173,10.42066667
2174,20.72833333
2175,13.934000000000001
2176,26.76966667
2177,27.00075
2178,12.83733333
2179,20.32283333
2180,7.301583333
2181,24.66175
2182,27.65791667
2183,26.38675
2184,4.709
2185,24.22041667
2186,6.917583333
2187,18.67708333
2188,14.38733333
2189,26.23608333
2190,23.40941667
2191,6.263666667000001
2192,7.706083333
2193,10.714
2194,11.28108333
2195,23.6175
2196,22.224
2197,26.7455
2198,29.4265
2199,19.55183333
2200,28.65025
2201,24.39575
2202,21.225
2203,10.54108333
2204,1.095916667
2205,11.41716667
2206,18.71258333
2207,24.42816667
2208,21.54758333
2209,15.64866667
2210,11.0155
2211,10.99758333
2212,26.66491667
2213,28.14966667
2214,27.46425
2215,25.987
2216,7.92575
2217,1.37075
2218,27.99416667
2219,22.0255
2220,27.80183333
2221,27.206999999999997
2222,25.09633333
2223,24.759
2224,20.535999999999998
2225,27.08316667
2226,9.171166667
2227,15.46316667
2228,28.1855
2229,10.39266667
2230,-4.122916667
2231,19.94725
2232,27.46283333
2233,27.23666667
2234,26.62733333
2235,28.97816667
2236,11.41341667
2237,27.53108333
2238,26.99266667
2239,27.40608333
2240,9.136416667
2241,11.33725
2242,27.37541667
2243,27.516
2244,17.94941667
2245,12.81716667
2246,14.64791667
2247,27.79591667
2248,27.90541667
2249,26.90391667
2250,19.59616667
2251,3.7953333330000003
2252,8.484833333
2253,18.85658333
2254,5.29125
2255,23.00175
2256,26.78608333
2257,27.49725
2258,23.89316667
2259,26.85425
2260,21.32841667
2261,12.339
2262,16.37958333
2263,23.8305
2264,9.377166667000001
2265,29.058000000000003
2266,9.679666667000001
2267,9.816166667000001
2268,17.99391667
2269,13.87191667
2270,25.77216667
2271,24.39375
2272,27.12516667
2273,22.29241667
2274,22.08108333
2275,14.915999999999999
2276,13.62658333
2277,24.39366667
2278,12.90066667
2279,23.06658333
2280,15.51833333
2281,9.423083333
2282,22.44033333
2283,7.509333333
2284,11.98475
2285,26.18033333
2286,27.37066667
2287,25.28083333
2288,27.44008333
2289,6.7249166670000005
2290,10.87025
2291,25.86533333
2292,27.96458333
2293,12.23258333
2294,21.26275
2295,23.39516667
2296,25.621
2297,10.953
2298,28.8835
2299,20.93133333
2300,27.29941667
2301,25.01233333
2302,-3.8595
2303,24.82566667
2304,26.01483333
2305,27.87808333
2306,10.07841667
2307,7.522
2308,25.65533333
2309,26.6005
2310,24.56733333
2311,26.5775
2312,12.567
2313,26.36158333
2314,19.73508333
2315,8.871333332999999
2316,-15.74708333
2317,29.75783333
2318,27.08
2319,26.62633333
2320,22.66833333
2321,23.49641667
2322,25.72408333
2323,25.62741667
2324,27.72975
2325,5.662166667
2326,23.85716667
2327,25.44666667
2328,2.499833333
2329,14.33791667
2330,24.912
2331,28.22858333
2332,8.804583333
2333,9.49425
2334,27.5335
2335,15.47258333
2336,27.7165
2337,23.99383333
2338,26.40975
2339,27.00366667
2340,27.33433333
2341,25.54875
2342,10.59791667
2343,3.340833333
2344,24.64991667
2345,26.4455
2346,18.91516667
2347,22.95941667
2348,10.52241667
2349,20.614
2350,14.29691667
2351,26.93933333
2352,27.06583333
2353,12.507
2354,20.33141667
2355,6.131416667000001
2356,24.85833333
2357,27.76708333
2358,26.49658333
2359,4.042333333
2360,24.33191667
2361,6.27725
2362,18.554000000000002
2363,14.68483333
2364,26.38691667
2365,23.369
2366,6.1246666670000005
2367,6.830333333
2368,10.70058333
2369,11.20766667
2370,23.49525
2371,22.2335
2372,26.57675
2373,29.429000000000002
2374,19.75658333
2375,28.55883333
2376,24.51708333
2377,21.32941667
2378,9.428416667
2379,0.046416667
2380,11.27825
2381,18.855999999999998
2382,24.42325
2383,22.04083333
2384,15.47025
2385,10.69983333
2386,10.93025
2387,26.93225
2388,28.30225
2389,27.429000000000002
2390,25.68708333
2391,8.054333332999999
2392,1.283333333
2393,28.269000000000002
2394,21.43208333
2395,27.62958333
2396,27.24841667
2397,25.06683333
2398,24.26383333
2399,20.48558333
2400,27.01483333
2401,8.385083332999999
2402,15.81583333
2403,28.32508333
2404,9.340166667
2405,-3.832833333
2406,20.09433333
2407,27.60766667
2408,27.02266667
2409,26.81666667
2410,28.70416667
2411,10.7955
2412,27.68541667
2413,26.99241667
2414,27.31183333
2415,8.487083333
2416,11.00966667
2417,27.37975
2418,27.78716667
2419,18.26166667
2420,12.64658333
2421,14.99691667
2422,27.79741667
2423,27.85375
2424,27.19558333
2425,19.99716667
2426,3.733
2427,8.66975
2428,18.83933333
2429,4.890166667
2430,23.28108333
2431,26.649
2432,27.66675
2433,23.9195
2434,27.12608333
2435,21.47758333
2436,12.33133333
2437,15.64241667
2438,23.84383333
2439,8.219666667
2440,29.22833333
2441,9.742083333
2442,9.755083333
2443,17.60466667
2444,13.15766667
2445,26.00833333
2446,24.49775
2447,27.35775
2448,22.15675
2449,21.89125
2450,15.77091667
2451,13.25816667
2452,23.916
2453,12.043
2454,22.57283333
2455,15.44216667
2456,9.720166667
2457,22.28691667
2458,6.906083333
2459,12.6195
2460,25.84975
2461,27.15025
2462,25.38633333
2463,27.22541667
2464,6.9058333329999995
2465,10.45258333
2466,25.74408333
2467,27.872
2468,12.20808333
2469,21.570999999999998
2470,22.34608333
2471,25.4965
2472,11.24166667
2473,28.98916667
2474,20.96041667
2475,27.17941667
2476,25.17083333
2477,-4.923083333
2478,24.89291667
2479,26.14
2480,28.01741667
2481,10.20583333
2482,7.71275
2483,25.55391667
2484,26.39191667
2485,24.54775
2486,26.5285
2487,11.91941667
2488,26.26891667
2489,19.59575
2490,8.445916667
2491,-16.77058333
2492,29.54091667
2493,26.82966667
2494,26.35875
2495,22.64791667
2496,23.51108333
2497,25.74258333
2498,25.59416667
2499,27.5775
2500,5.940833333
2501,23.77866667
2502,25.50775
2503,2.61475
2504,13.66408333
2505,24.85325
2506,28.3725
2507,9.218583333
2508,9.053416667
2509,27.41583333
2510,15.45566667
2511,27.47475
2512,23.79791667
2513,26.40416667
2514,26.8715
2515,27.17766667
2516,25.46391667
2517,10.3115
2518,2.948416667
2519,24.63458333
2520,26.43483333
2521,19.14991667
2522,22.77891667
2523,10.43908333
2524,20.4905
2525,13.55983333
2526,26.82858333
2527,26.90383333
2528,13.43566667
2529,20.25525
2530,7.393
2531,24.86708333
2532,27.68366667
2533,26.15541667
2534,5.02925
2535,23.86375
2536,6.334083333
2537,18.47425
2538,14.56291667
2539,26.2835
2540,23.27841667
2541,5.430416667
2542,6.8353333329999995
2543,9.983083333
2544,11.05858333
2545,23.453000000000003
2546,21.86591667
2547,26.576
2548,29.426
2549,19.17116667
2550,28.62825
2551,24.25458333
2552,20.92483333
2553,9.901833332999999
2554,1.090666667
2555,10.82125
2556,18.486
2557,24.07258333
2558,21.64383333
2559,15.55183333
2560,10.6275
2561,10.47541667
2562,26.77858333
2563,28.37158333
2564,27.5695
2565,25.84058333
2566,8.443999999999999
2567,1.5249166669999998
2568,28.12516667
2569,22.14308333
2570,27.88891667
2571,27.10591667
2572,24.90891667
2573,23.8045
2574,20.44308333
2575,27.08983333
2576,8.3905
2577,15.46383333
2578,28.14041667
2579,9.558166667
2580,-4.493583333
2581,20.08491667
2582,27.37791667
2583,27.05775
2584,26.519000000000002
2585,28.85208333
2586,10.6165
2587,27.25775
2588,26.97891667
2589,27.32866667
2590,8.145583333
2591,10.24125
2592,27.17858333
2593,27.68366667
2594,18.08283333
2595,13.36508333
2596,14.39641667
2597,27.60633333
2598,27.89333333
2599,27.15033333
2600,19.46991667
2601,3.64775
2602,7.846083332999999
2603,18.77325
2604,5.838083332999999
2605,23.04625
2606,26.5
2607,27.53491667
2608,23.89158333
2609,26.80091667
2610,20.94508333
2611,12.31016667
2612,16.66383333
2613,23.81191667
2614,8.8505
2615,29.104
2616,9.737333332999999
2617,9.6675
2618,18.06083333
2619,14.442
2620,25.81783333
2621,24.05691667
2622,27.33408333
2623,21.76808333
2624,21.33091667
2625,14.98
2626,12.74708333
2627,24.22258333
2628,11.64341667
2629,22.96608333
2630,15.11283333
2631,9.735416667
2632,22.89683333
2633,6.6095
2634,12.68725
2635,25.80166667
2636,26.98316667
2637,25.531999999999996
2638,27.67716667
2639,6.968083332999999
2640,10.72783333
2641,25.919
2642,28.15333333
2643,12.44591667
2644,21.37175
2645,23.36883333
2646,25.805999999999997
2647,10.78158333
2648,29.23833333
2649,21.44216667
2650,27.39
2651,25.26783333
2652,-3.30875
2653,25.133000000000003
2654,26.33216667
2655,28.21125
2656,9.891833333
2657,7.4135
2658,25.67083333
2659,26.68216667
2660,24.98208333
2661,26.40425
2662,11.37625
2663,26.14408333
2664,19.58708333
2665,8.327916667
2666,-15.642999999999999
2667,29.80858333
2668,27.31925
2669,26.52116667
2670,22.5295
2671,23.52025
2672,25.62283333
2673,25.62391667
2674,27.69
2675,6.001416667000001
2676,23.89691667
2677,25.64341667
2678,3.23025
2679,13.69425
2680,24.96541667
2681,28.605
2682,9.4135
2683,9.128416667
2684,27.60116667
2685,15.17533333
2686,27.908
2687,23.94825
2688,26.50725
2689,27.06833333
2690,27.18058333
2691,25.62641667
2692,9.942583333
2693,2.200333333
2694,24.49541667
2695,26.45375
2696,18.80666667
2697,22.69608333
2698,10.57575
2699,20.43775
2700,13.02858333
2701,26.91491667
2702,26.835
2703,12.55591667
2704,20.13741667
2705,6.998833332999999
2706,25.13366667
2707,27.81408333
2708,25.98791667
2709,4.518083333
2710,24.31775
2711,6.3745
2712,18.39275
2713,14.5765
2714,26.29091667
2715,23.25666667
2716,5.013
2717,6.921
2718,10.30808333
2719,10.55
2720,23.62183333
2721,22.81116667
2722,26.64958333
2723,29.52625
2724,18.87508333
2725,28.75225
2726,24.15591667
2727,21.4135
2728,9.842666667
2729,-0.139833333
2730,10.12575
2731,18.58075
2732,24.83375
2733,21.47391667
2734,15.61616667
2735,10.82366667
2736,11.37541667
2737,26.8385
2738,28.63641667
2739,27.72458333
2740,25.6995
2741,7.3085
2742,1.807333333
2743,28.07375
2744,21.27241667
2745,27.71875
2746,27.085
2747,25.03375
2748,23.82008333
2749,20.45058333
2750,27.14433333
2751,8.4185
2752,15.53691667
2753,28.01308333
2754,9.123166667000001
2755,-3.4980833330000003
2756,20.43258333
2757,27.85866667
2758,27.12433333
2759,26.4955
2760,28.95508333
2761,9.922583333
2762,27.46841667
2763,27.02858333
2764,27.49358333
2765,7.936916667
2766,9.795083333
2767,27.38333333
2768,27.83241667
2769,18.21791667
2770,12.35666667
2771,14.30358333
2772,27.72383333
2773,28.03283333
2774,27.48391667
2775,19.97575
2776,4.000166667
2777,7.573916667000001
2778,18.74191667
2779,5.1845
2780,23.72341667
2781,26.83316667
2782,27.76666667
2783,23.79208333
2784,27.20325
2785,20.84575
2786,12.43291667
2787,16.57916667
2788,24.02983333
2789,8.917333333
2790,28.99291667
2791,9.65525
2792,9.892666667
2793,18.19441667
2794,14.044
2795,26.01941667
2796,24.298000000000002
2797,27.29466667
2798,22.8135
2799,22.50991667
2800,15.59558333
2801,12.97691667
2802,24.20083333
2803,12.83433333
2804,21.94708333
2805,15.56108333
2806,10.0535
2807,22.26441667
2808,7.277583333
2809,12.71225
2810,25.71575
2811,27.22125
2812,25.76566667
2813,27.50225
2814,6.992083332999999
2815,11.09525
2816,25.7085
2817,28.14433333
2818,12.854000000000001
2819,21.47
2820,21.804000000000002
2821,25.517
2822,11.11758333
2823,28.92025
2824,21.06633333
2825,27.41391667
2826,25.29341667
2827,-2.4601666669999998
2828,25.06841667
2829,26.20508333
2830,28.048000000000002
2831,10.174
2832,7.9479999999999995
2833,25.47658333
2834,26.46583333
2835,24.52691667
2836,26.51491667
2837,12.24166667
2838,26.1545
2839,19.54016667
2840,8.865333332999999
2841,-16.57433333
2842,29.77741667
2843,27.14858333
2844,26.58566667
2845,22.60316667
2846,23.50566667
2847,25.7585
2848,25.78541667
2849,27.491999999999997
2850,6.531833333
2851,23.77808333
2852,25.6315
2853,2.8921666669999997
2854,14.14383333
2855,25.15775
2856,28.17733333
2857,9.40375
2858,9.706
2859,27.58158333
2860,15.21266667
2861,27.74366667
2862,23.80825
2863,26.12058333
2864,26.82108333
2865,27.22225
2866,25.58991667
2867,10.62908333
2868,2.6825
2869,24.73208333
2870,26.38175
2871,19.21191667
2872,22.90433333
2873,10.65416667
2874,20.40916667
2875,13.78733333
2876,26.7915
2877,27.03416667
2878,12.75708333
2879,20.17333333
2880,6.869833333
2881,24.82008333
2882,27.756
2883,26.31466667
2884,4.917333333
2885,24.4055
2886,6.9705833329999995
2887,18.31433333
2888,13.9035
2889,26.18316667
2890,23.31508333
2891,5.941166667
2892,7.422000000000001
2893,10.73033333
2894,10.75258333
2895,23.66116667
2896,22.10216667
2897,26.57766667
2898,29.03791667
2899,19.60133333
2900,28.4505
2901,24.31975
2902,21.41808333
2903,9.591833333
2904,0.951916667
2905,10.56083333
2906,18.79316667
2907,24.30341667
2908,20.38183333
2909,16.055999999999997
2910,11.29133333
2911,10.70383333
2912,26.93608333
2913,28.29108333
2914,27.79508333
2915,25.46475
2916,7.940333333
2917,2.2566666669999997
2918,28.04483333
2919,21.63691667
2920,27.81441667
2921,27.13175
2922,24.739
2923,24.37658333
2924,20.541
2925,27.17808333
2926,8.799916667
2927,16.00258333
2928,28.07141667
2929,9.469
2930,-4.763
2931,20.16283333
2932,27.69216667
2933,26.835
2934,26.55858333
2935,28.63075
2936,10.57416667
2937,27.47016667
2938,26.71775
2939,27.32841667
2940,8.528333332999999
2941,10.72341667
2942,27.20741667
2943,27.65316667
2944,17.5975
2945,12.90333333
2946,15.10591667
2947,27.572
2948,27.72941667
2949,27.04566667
2950,19.26683333
2951,4.354166667
2952,8.33775
2953,18.744
2954,5.531333332999999
2955,23.04541667
2956,26.74483333
2957,27.7685
2958,23.816
2959,27.06983333
2960,21.31
2961,12.45008333
2962,16.51
2963,23.77008333
2964,8.454666667
2965,28.98408333
2966,9.943416667000001
2967,9.9745
2968,18.24041667
2969,13.78625
2970,25.84991667
2971,24.52308333
2972,27.175
2973,21.78425
2974,21.61875
2975,15.10616667
2976,13.8905
2977,24.06533333
2978,12.15525
2979,22.42708333
2980,14.62808333
2981,9.53525
2982,22.48675
2983,7.9765
2984,12.51483333
2985,26.03475
2986,27.21608333
2987,25.34375
2988,27.36641667
2989,7.928166667
2990,11.1455
2991,25.85875
2992,28.0705
2993,12.6995
2994,21.12933333
2995,22.4005
2996,25.668000000000003
2997,12.314
2998,28.98325
2999,20.58091667
3000,27.24183333
3001,25.20983333
3002,-4.060916667
3003,24.79366667
3004,26.06783333
3005,27.86016667
3006,9.489916667000001
3007,8.12675
3008,25.494
3009,26.60458333
3010,24.38508333
3011,26.38291667
3012,13.0665
3013,26.27975
3014,19.94533333
3015,9.601333333
3016,-16.53308333
3017,29.78633333
3018,27.09441667
3019,26.625999999999998
3020,22.35975
3021,23.58433333
3022,25.47516667
3023,25.77366667
3024,27.48541667
3025,6.830833332999999
3026,23.724
3027,26.05533333
3028,3.092333333
3029,13.89658333
3030,25.06358333
3031,28.36491667
3032,9.525916667
3033,9.9975
3034,27.62766667
3035,16.08325
3036,27.590999999999998
3037,23.8185
3038,26.31733333
3039,26.70875
3040,27.28825
3041,25.38341667
3042,11.70725
3043,2.561416667
3044,24.64991667
3045,26.29308333
3046,18.74041667
3047,23.015
3048,10.84266667
3049,20.70158333
3050,14.07333333
3051,26.94458333
3052,27.01391667
3053,13.19216667
3054,20.43975
3055,7.1551666670000005
3056,24.78875
3057,27.29541667
3058,26.33091667
3059,5.05325
3060,24.21075
3061,7.278916667000001
3062,18.75516667
3063,14.52533333
3064,26.28983333
3065,23.32583333
3066,6.27925
3067,7.854
3068,10.76166667
3069,11.90575
3070,23.64975
3071,22.09833333
3072,26.49633333
3073,29.20216667
3074,19.74991667
3075,28.45191667
3076,24.28433333
3077,21.07933333
3078,11.35891667
3079,2.075583333
3080,11.59508333
3081,18.41966667
3082,24.22441667
3083,21.18058333
3084,15.65708333
3085,11.38841667
3086,11.08516667
3087,26.82308333
3088,28.41191667
3089,27.69008333
3090,25.98975
3091,8.511166667000001
3092,1.7515833330000001
3093,28.363000000000003
3094,21.69091667
3095,27.84275
3096,27.05941667
3097,24.88266667
3098,23.72666667
3099,20.19166667
3100,27.162
3101,9.418083333
3102,15.24108333
3103,28.17041667
3104,10.86833333
3105,-2.975083333
3106,19.76325
3107,27.58325
3108,27.14925
3109,26.68258333
3110,28.81683333
3111,11.74591667
3112,27.71258333
3113,26.83741667
3114,27.13
3115,9.478916667
3116,11.46258333
3117,27.32141667
3118,27.87275
3119,17.98625
3120,13.29291667
3121,14.24133333
3122,27.5565
3123,27.6475
3124,26.90858333
3125,19.615
3126,4.080583333
3127,8.55275
3128,19.0415
3129,5.441166667
3130,22.9255
3131,26.63691667
3132,27.86383333
3133,24.17858333
3134,26.898000000000003
3135,21.15466667
3136,12.81533333
3137,16.30208333
3138,23.4905
3139,10.05541667
3140,29.15608333
3141,9.7975
3142,9.8375
3143,17.51616667
3144,13.92833333
3145,25.85408333
3146,24.30216667
3147,27.31075
3148,21.8385
3149,21.60425
3150,15.2165
3151,13.95516667
3152,23.95025
3153,11.97858333
3154,22.28733333
3155,15.475999999999999
3156,9.70675
3157,22.22591667
3158,7.801916667
3159,12.3655
3160,25.89975
3161,27.03308333
3162,25.3895
3163,27.00383333
3164,8.13075
3165,10.50491667
3166,25.52466667
3167,27.69091667
3168,12.45633333
3169,21.189
3170,22.31116667
3171,25.41033333
3172,11.98775
3173,28.48958333
3174,20.56791667
3175,26.89708333
3176,25.12108333
3177,-4.29525
3178,24.96975
3179,25.96866667
3180,27.7025
3181,10.1625
3182,7.566083333
3183,25.15391667
3184,26.18825
3185,24.34133333
3186,26.05608333
3187,12.97708333
3188,26.05475
3189,20.14475
3190,9.41475
3191,-16.84333333
3192,29.33925
3193,26.66466667
3194,26.19925
3195,22.22425
3196,23.90791667
3197,25.24825
3198,25.76875
3199,27.59433333
3200,7.267833333
3201,23.60258333
3202,25.73016667
3203,3.200916667
3204,13.5815
3205,25.12791667
3206,28.34608333
3207,9.308583333
3208,9.642166667
3209,27.36783333
3210,16.05491667
3211,27.36366667
3212,23.48208333
3213,26.28775
3214,26.619
3215,26.92716667
3216,25.10783333
3217,11.53108333
3218,2.312916667
3219,24.406
3220,26.06525
3221,18.90491667
3222,23.11816667
3223,10.15875
3224,20.93008333
3225,13.88125
3226,26.75825
3227,26.6215
3228,12.87491667
3229,20.57275
3230,7.028916667000001
3231,24.64975
3232,26.961
3233,26.26658333
3234,4.577583333
3235,23.63158333
3236,7.681083332999999
3237,18.95716667
3238,14.42775
3239,26.29741667
3240,23.47433333
3241,5.94225
3242,8.175333333
3243,10.12866667
3244,11.92408333
3245,23.33225
3246,21.8225
3247,26.25408333
3248,28.94991667
3249,19.81816667
3250,28.395
3251,24.189
3252,21.08525
3253,10.74441667
3254,1.115583333
3255,11.62766667
3256,18.38216667
3257,24.0305
3258,21.02108333
3259,15.40908333
3260,10.79458333
3261,11.17166667
3262,26.3885
3263,27.90141667
3264,27.32566667
3265,25.61741667
3266,8.299916667
3267,1.6425
3268,27.75191667
3269,21.53516667
3270,27.62575
3271,26.80066667
3272,24.77591667
3273,23.81833333
3274,20.22641667
3275,26.87575
3276,9.469166667
3277,15.27
3278,27.86533333
3279,10.460999999999999
3280,-3.305416667
3281,19.7305
3282,27.20866667
3283,26.67116667
3284,26.47775
3285,28.79608333
3286,11.66633333
3287,27.37683333
3288,26.97875
3289,27.06766667
3290,9.397416667
3291,11.24791667
3292,27.18391667
3293,27.45133333
3294,17.95608333
3295,13.02791667
3296,14.2295
3297,27.44116667
3298,27.8415
3299,26.9195
3300,19.42066667
3301,4.218
3302,8.109666667
3303,19.16116667
3304,5.174666666999999
3305,22.70641667
3306,26.221999999999998
3307,27.46491667
3308,23.84858333
3309,26.82666667
3310,21.20458333
3311,12.65783333
3312,15.85808333
3313,23.49625
3314,9.55975
3315,28.685
3316,9.34825
3317,8.951416667
3318,18.2805
3319,13.309000000000001
3320,25.64825
3321,23.784000000000002
3322,26.8075
3323,21.53583333
3324,21.54558333
3325,15.25775
3326,13.84425
3327,24.15433333
3328,12.56666667
3329,22.3165
3330,15.53441667
3331,9.842083333
3332,22.69058333
3333,7.6160000000000005
3334,12.61166667
3335,25.76916667
3336,27.31033333
3337,25.90491667
3338,27.32033333
3339,7.196416667
3340,10.6285
3341,25.90775
3342,28.15608333
3343,13.11475
3344,21.37833333
3345,22.13975
3346,25.60058333
3347,11.894
3348,29.083000000000002
3349,20.76425
3350,27.25275
3351,25.40733333
3352,-4.135083333
3353,24.59908333
3354,26.51091667
3355,28.32425
3356,9.994416667000001
3357,7.8095
3358,25.61833333
3359,26.59325
3360,24.54166667
3361,26.52291667
3362,12.87508333
3363,26.02233333
3364,20.15733333
3365,8.965666667
3366,-16.78316667
3367,29.89675
3368,26.9505
3369,26.42308333
3370,22.67716667
3371,23.735
3372,25.78758333
3373,25.83283333
3374,28.09258333
3375,6.061833332999999
3376,24.27358333
3377,25.22741667
3378,2.43925
3379,13.94166667
3380,25.13466667
3381,27.959
3382,9.552083332999999
3383,9.359166667
3384,27.55758333
3385,15.95616667
3386,27.62675
3387,23.93991667
3388,26.32566667
3389,27.10158333
3390,27.14516667
3391,25.51858333
3392,11.38108333
3393,2.464
3394,25.14666667
3395,26.455
3396,19.1095
3397,22.99808333
3398,10.15725
3399,20.83141667
3400,14.05291667
3401,26.93433333
3402,26.86016667
3403,12.93383333
3404,20.4985
3405,6.382083333
3406,25.22808333
3407,27.66616667
3408,26.45316667
3409,4.3491666669999995
3410,24.3655
3411,6.559333333
3412,18.85225
3413,14.25716667
3414,26.494
3415,23.37983333
3416,5.8935
3417,7.096083332999999
3418,10.32808333
3419,11.64383333
3420,23.61866667
3421,22.01483333
3422,26.642
3423,29.44091667
3424,19.57925
3425,28.43133333
3426,24.58483333
3427,21.54608333
3428,10.73191667
3429,0.5645
3430,11.46266667
3431,19.01075
3432,24.08133333
3433,20.97625
3434,16.077
3435,10.70716667
3436,10.65358333
3437,26.78166667
3438,28.85041667
3439,27.90291667
3440,25.109
3441,7.78975
3442,1.3855
3443,28.3425
3444,21.91141667
3445,27.71691667
3446,27.26975
3447,24.78316667
3448,24.18858333
3449,20.52308333
3450,27.00875
3451,8.652916667000001
3452,15.9835
3453,28.1225
3454,10.47066667
3455,-4.6085
3456,20.02266667
3457,27.495
3458,26.72833333
3459,26.82775
3460,28.47375
3461,11.41216667
3462,27.74125
3463,26.985
3464,27.47333333
3465,9.001666667
3466,11.23741667
3467,27.38783333
3468,27.94508333
3469,17.886
3470,12.94933333
3471,14.96808333
3472,27.74541667
3473,28.34791667
3474,27.23308333
3475,19.293
3476,3.502416667
3477,8.300666667
3478,19.07008333
3479,5.0969166669999995
3480,23.15
3481,26.64808333
3482,27.71033333
3483,23.13691667
3484,27.04025
3485,21.0925
3486,12.81483333
3487,16.35541667
3488,24.04716667
3489,9.4285
3490,29.12766667
3491,9.453333333
3492,9.137083333
3493,17.87133333
3494,13.70033333
3495,26.08491667
3496,24.46558333
3497,27.34241667
3498,21.67025
3499,21.37725
3500,15.82866667
3501,13.77541667
3502,25.21566667
3503,11.48083333
3504,22.6815
3505,15.07883333
3506,11.5095
3507,22.07816667
3508,6.649083332999999
3509,13.96266667
3510,25.22916667
3511,28.06966667
3512,25.94033333
3513,27.84466667
3514,7.03725
3515,9.36175
3516,25.50233333
3517,28.32558333
3518,12.94725
3519,21.44641667
3520,22.73016667
3521,25.81241667
3522,11.76633333
3523,29.28875
3524,21.06875
3525,27.87525
3526,25.46475
3527,-1.8879166669999998
3528,25.83241667
3529,26.32983333
3530,28.6965
3531,9.712833332999999
3532,7.548416667000001
3533,25.68766667
3534,26.78683333
3535,24.75891667
3536,26.22675
3537,11.96083333
3538,25.62733333
3539,20.951999999999998
3540,7.75225
3541,-15.08575
3542,29.837
3543,27.48683333
3544,26.45558333
3545,22.63991667
3546,25.15191667
3547,25.45866667
3548,25.9025
3549,28.05416667
3550,5.043
3551,23.9275
3552,25.9185
3553,1.14375
3554,13.11541667
3555,25.221
3556,28.80291667
3557,11.10241667
3558,8.009
3559,27.935
3560,16.37125
3561,28.10891667
3562,23.68758333
3563,26.59725
3564,27.11608333
3565,27.00233333
3566,25.24566667
3567,10.34783333
3568,2.676416667
3569,25.05083333
3570,26.537
3571,20.09016667
3572,24.65033333
3573,9.258166667000001
3574,22.31116667
3575,13.32491667
3576,27.14658333
3577,26.52125
3578,13.21558333
3579,22.228
3580,6.71
3581,24.96125
3582,27.53166667
3583,27.63866667
3584,4.59575
3585,24.93416667
3586,5.7110833329999995
3587,20.26883333
3588,14.90683333
3589,26.53275
3590,24.51591667
3591,4.8478333330000005
3592,6.325833332999999
3593,9.134666667000001
3594,11.741
3595,23.84616667
3596,22.60066667
3597,26.80666667
3598,30.12708333
3599,19.66441667
3600,29.37291667
3601,24.66908333
3602,20.85291667
3603,10.22566667
3604,-0.318666667
3605,11.24441667
3606,19.435
3607,24.60575
3608,21.39225
3609,16.114
3610,9.264583333
3611,11.33575
3612,26.61891667
3613,29.29991667
3614,28.00425
3615,26.01175
3616,7.361916667000001
3617,-0.2155
3618,28.45866667
3619,22.08791667
3620,27.76775
3621,27.02916667
3622,25.342
3623,23.61541667
3624,20.5845
3625,27.3565
3626,7.621416667
3627,15.68425
3628,28.88958333
3629,9.851666667
3630,-4.520583333
3631,20.26708333
3632,28.00591667
3633,27.16166667
3634,27.53008333
3635,29.30233333
3636,10.9925
3637,27.74483333
3638,27.17716667
3639,27.6035
3640,8.073
3641,10.193999999999999
3642,27.58625
3643,27.820999999999998
3644,18.30266667
3645,12.63975
3646,14.245999999999999
3647,27.8835
3648,28.64766667
3649,27.41258333
3650,19.75633333
3651,1.6585
3652,7.2265
3653,20.70933333
3654,5.564083332999999
3655,23.26766667
3656,27.38966667
3657,28.05941667
3658,24.11441667
3659,27.54633333
3660,21.60975
3661,14.28166667
3662,17.04383333
3663,23.92233333
3664,9.453
3665,29.67133333
3666,8.394333332999999
3667,9.505583332999999
3668,17.92008333
3669,14.32591667
3670,26.15025
3671,24.83333333
3672,27.30275
3673,22.2675
3674,21.98625
3675,15.517999999999999
3676,13.44325
3677,24.14416667
3678,12.99441667
3679,22.02966667
3680,15.33966667
3681,9.136000000000001
3682,21.767
3683,7.855583332999999
3684,11.80866667
3685,26.00325
3686,27.10383333
3687,25.20508333
3688,27.39525
3689,7.5885
3690,11.30533333
3691,25.84275
3692,28.06116667
3693,12.40025
3694,21.55541667
3695,21.95508333
3696,25.42891667
3697,11.04783333
3698,29.06066667
3699,20.54591667
3700,27.0035
3701,24.87658333
3702,-3.557083333
3703,25.30883333
3704,25.63875
3705,27.78483333
3706,10.03225
3707,7.357083332999999
3708,25.24691667
3709,26.454
3710,24.16316667
3711,26.11341667
3712,12.75516667
3713,26.153000000000002
3714,19.68191667
3715,9.172166667
3716,-16.64141667
3717,29.84433333
3718,26.98783333
3719,26.25075
3720,22.33666667
3721,23.33141667
3722,25.54966667
3723,25.54566667
3724,27.58575
3725,6.865333333
3726,24.07416667
3727,25.72283333
3728,3.5411666669999997
3729,14.47958333
3730,24.73091667
3731,28.2825
3732,8.52375
3733,9.819583332999999
3734,27.59975
3735,15.26133333
3736,27.66208333
3737,23.82083333
3738,26.343000000000004
3739,26.68341667
3740,26.94358333
3741,25.47425
3742,10.877
3743,2.315416667
3744,24.41558333
3745,26.20225
3746,18.91541667
3747,22.59325
3748,10.34541667
3749,20.33125
3750,14.17316667
3751,26.83725
3752,26.64058333
3753,12.73775
3754,20.1145
3755,5.69625
3756,24.96575
3757,27.16066667
3758,26.0875
3759,4.201583333
3760,23.61066667
3761,7.24525
3762,18.26166667
3763,14.02691667
3764,26.24066667
3765,22.98833333
3766,6.563083333
3767,7.635
3768,11.032
3769,11.02383333
3770,23.77683333
3771,22.31325
3772,26.44058333
3773,29.43666667
3774,19.3135
3775,28.63291667
3776,24.52233333
3777,21.59933333
3778,9.8705
3779,-0.092
3780,11.23466667
3781,18.87883333
3782,24.30216667
3783,20.35041667
3784,15.28066667
3785,11.075999999999999
3786,11.16325
3787,26.614
3788,28.48741667
3789,27.62225
3790,25.98241667
3791,7.373666667
3792,2.1189166669999997
3793,28.15066667
3794,21.76825
3795,27.55341667
3796,26.70925
3797,24.82983333
3798,23.9915
3799,20.28408333
3800,26.78591667
3801,8.951666667000001
3802,16.06641667
3803,28.1615
3804,9.568999999999999
3805,-3.401583333
3806,19.77375
3807,27.54016667
3808,26.71558333
3809,26.63525
3810,28.77491667
3811,10.823
3812,27.73166667
3813,26.92625
3814,27.28216667
3815,8.846
3816,11.20808333
3817,27.23575
3818,27.92441667
3819,17.55241667
3820,12.3635
3821,15.32108333
3822,27.66916667
3823,27.80758333
3824,27.0605
3825,19.359
3826,4.51875
3827,8.847333333
3828,18.607
3829,5.351583333
3830,23.06941667
3831,26.25166667
3832,27.772
3833,24.23666667
3834,27.01766667
3835,20.99491667
3836,11.9145
3837,15.78616667
3838,23.72675
3839,8.790833333
3840,29.20541667
3841,9.907916667
3842,9.549916667
3843,17.82458333
3844,13.14108333
3845,25.67733333
3846,23.69258333
3847,27.28825
3848,21.77158333
3849,21.60241667
